INSERT INTO time(id,nome,numero_de_resenhas) VALUES (50,'Manchester City',2);
INSERT INTO time(id,nome,numero_de_resenhas) VALUES (40,'Liverpool',2);
INSERT INTO time(id,nome,numero_de_resenhas) VALUES (49,'Chelsea',1);
INSERT INTO time(id,nome,numero_de_resenhas) VALUES (47,'Tottenham',0);
INSERT INTO time(id,nome,numero_de_resenhas) VALUES (42,'Arsenal',0);
INSERT INTO time(id,nome,numero_de_resenhas) VALUES (33,'Manchester United',0);
INSERT INTO time(id,nome,numero_de_resenhas) VALUES (39,'Wolves',0);
INSERT INTO time(id,nome,numero_de_resenhas) VALUES (45,'Everton',0);
INSERT INTO time(id,nome,numero_de_resenhas) VALUES (46,'Leicester',0);
INSERT INTO time(id,nome,numero_de_resenhas) VALUES (48,'West Ham',0);
INSERT INTO time(id,nome,numero_de_resenhas) VALUES (38,'Watford',0);
INSERT INTO time(id,nome,numero_de_resenhas) VALUES (52,'Crystal Palace',0);
INSERT INTO time(id,nome,numero_de_resenhas) VALUES (34,'Newcastle',0);
INSERT INTO time(id,nome,numero_de_resenhas) VALUES (35,'Bournemouth',0);
INSERT INTO time(id,nome,numero_de_resenhas) VALUES (44,'Burnley',0);
INSERT INTO time(id,nome,numero_de_resenhas) VALUES (41,'Southampton',0);
INSERT INTO time(id,nome,numero_de_resenhas) VALUES (51,'Brighton',0);
INSERT INTO time(id,nome,numero_de_resenhas) VALUES (43,'Cardiff',0);
INSERT INTO time(id,nome,numero_de_resenhas) VALUES (36,'Fulham',0);
INSERT INTO time(id,nome,numero_de_resenhas) VALUES (37,'Huddersfield',0);
INSERT INTO jogador(id,nome,data_de_nascimento,local_de_nascimento,numero_de_resenhas,altura,peso,time) VALUES (160,'M. Vorm','1983-10-20','Nieuwegein',0,183,84,47);
INSERT INTO jogador(id,nome,data_de_nascimento,local_de_nascimento,numero_de_resenhas,altura,peso,time) VALUES (18757,'L. Baines','1984-12-11','Kirkby',0,170,74,45);
INSERT INTO jogador(id,nome,data_de_nascimento,local_de_nascimento,numero_de_resenhas,altura,peso,time) VALUES (18774,'W. Morgan','1984-01-21','Nottingham',0,186,101,46);
INSERT INTO jogador(id,nome,data_de_nascimento,local_de_nascimento,numero_de_resenhas,altura,peso,time) VALUES (18789,'Gomes','1981-02-15','João Pinheiro',0,191,91,38);
INSERT INTO jogador(id,nome,data_de_nascimento,local_de_nascimento,numero_de_resenhas,altura,peso,time) VALUES (18801,'S. Prödl','1987-06-21','Graz',0,194,92,38);
INSERT INTO jogador(id,nome,data_de_nascimento,local_de_nascimento,numero_de_resenhas,altura,peso,time) VALUES (18818,'P. Zabaleta','1985-01-16','Buenos Aires',0,176,74,48);
INSERT INTO jogador(id,nome,data_de_nascimento,local_de_nascimento,numero_de_resenhas,altura,peso,time) VALUES (18837,'J. Speroni','1979-05-18','Buenos Aires',0,186,87,52);
INSERT INTO jogador(id,nome,data_de_nascimento,local_de_nascimento,numero_de_resenhas,altura,peso,time) VALUES (18865,'S. Francis','1985-02-16','Nottingham',0,183,90,35);
INSERT INTO jogador(id,nome,data_de_nascimento,local_de_nascimento,numero_de_resenhas,altura,peso,time) VALUES (18879,'Andrew Surman','1986-08-20','Johannesburg',0,178,73,35);
INSERT INTO jogador(id,nome,data_de_nascimento,local_de_nascimento,numero_de_resenhas,altura,peso,time) VALUES (18923,'S. Defour','1988-04-15','Mechelen',0,173,65,44);
INSERT INTO jogador(id,nome,data_de_nascimento,local_de_nascimento,numero_de_resenhas,altura,peso,time) VALUES (18928,'P. Crouch','1981-01-30','Macclesfield',0,201,75,44);
INSERT INTO jogador(id,nome,data_de_nascimento,local_de_nascimento,numero_de_resenhas,altura,peso,time) VALUES (18966,'Bruno Saltor','1980-10-01','El Masnou',0,181,76,51);
INSERT INTO jogador(id,nome,data_de_nascimento,local_de_nascimento,numero_de_resenhas,altura,peso,time) VALUES (18982,'G. Murray','1983-09-25','Maryport',0,183,80,51);
INSERT INTO jogador(id,nome,data_de_nascimento,local_de_nascimento,numero_de_resenhas,altura,peso,time) VALUES (18988,'Matthew Connolly','1987-09-24','London',0,188,84,43);
INSERT INTO jogador(id,nome,data_de_nascimento,local_de_nascimento,numero_de_resenhas,altura,peso,time) VALUES (19031,'A. Schürrle','1990-11-06','Ludwigshafen',0,184,73,36);
INSERT INTO jogador(id,nome,data_de_nascimento,local_de_nascimento,numero_de_resenhas,altura,peso,time) VALUES (19054,'Daniel Williams','1989-03-08','Karlsruhe',0,182,79,37);
INSERT INTO jogador(id,nome,data_de_nascimento,local_de_nascimento,numero_de_resenhas,altura,peso,time) VALUES (19747,'C. Quaner','1991-06-18','Düsseldorf',0,191,81,37);
INSERT INTO jogador(id,nome,data_de_nascimento,local_de_nascimento,numero_de_resenhas,altura,peso,time) VALUES (81993,'J. Walters','1983-09-20','Birkenhead',0,183,79,44);
INSERT INTO jogador(id,nome,data_de_nascimento,local_de_nascimento,numero_de_resenhas,altura,peso,time) VALUES (82983,'Frédéric Gounongbe','1988-05-01','Brussels',0,190,85,43);
INSERT INTO jogador(id,nome,data_de_nascimento,local_de_nascimento,numero_de_resenhas,altura,peso,time) VALUES (83132,'Jesús Gámez Duarte','1985-04-10','Fuengirola',0,177,75,34);
INSERT INTO jogador(id,nome,data_de_nascimento,local_de_nascimento,numero_de_resenhas,altura,peso,time) VALUES (114,'Adrien Sébastien Perruchet Silva','1989-03-15','Angoulême',0,171,72,46);
INSERT INTO jogador(id,nome,data_de_nascimento,local_de_nascimento,numero_de_resenhas,altura,peso,time) VALUES (642,'S. Agüero','1988-06-02','Quilmes',0,173,70,50);
INSERT INTO jogador(id,nome,data_de_nascimento,local_de_nascimento,numero_de_resenhas,altura,peso,time) VALUES (893,'A. Valencia','1985-08-04','Lago Agrio',0,180,83,33);
INSERT INTO jogador(id,nome,data_de_nascimento,local_de_nascimento,numero_de_resenhas,altura,peso,time) VALUES (1436,'Petr Čech','1982-05-20','Plzeň',0,196,90,42);
INSERT INTO jogador(id,nome,data_de_nascimento,local_de_nascimento,numero_de_resenhas,altura,peso,time) VALUES (1443,'Laurent Koscielny','1985-09-10','Tulle',0,186,75,42);
INSERT INTO jogador(id,nome,data_de_nascimento,local_de_nascimento,numero_de_resenhas,altura,peso,time) VALUES (1444,'S. Lichtsteiner','1984-01-16','Adligenswil',0,182,76,42);
INSERT INTO jogador(id,nome,data_de_nascimento,local_de_nascimento,numero_de_resenhas,altura,peso,time) VALUES (2795,'G. Sigurðsson','1989-09-08','Reykjavík',0,186,79,45);
INSERT INTO jogador(id,nome,data_de_nascimento,local_de_nascimento,numero_de_resenhas,altura,peso,time) VALUES (2921,'M. Dembélé','1987-07-16','Antwerpen',0,185,82,47);
INSERT INTO jogador(id,nome,data_de_nascimento,local_de_nascimento,numero_de_resenhas,altura,peso,time) VALUES (18775,'D. Simpson','1987-01-04','Salford',0,176,80,46);
INSERT INTO jogador(id,nome,data_de_nascimento,local_de_nascimento,numero_de_resenhas,altura,peso,time) VALUES (18792,'M. Britos','1985-07-17','Montevideo',0,188,82,38);
INSERT INTO jogador(id,nome,data_de_nascimento,local_de_nascimento,numero_de_resenhas,altura,peso,time) VALUES (18795,'José Holebas','1984-06-27','Aschaffenburg',0,184,77,38);
INSERT INTO jogador(id,nome,data_de_nascimento,local_de_nascimento,numero_de_resenhas,altura,peso,time) VALUES (18800,'Marc Navarro','1995-07-02','Barcelona',0,188,79,38);
INSERT INTO jogador(id,nome,data_de_nascimento,local_de_nascimento,numero_de_resenhas,altura,peso,time) VALUES (18864,'Charlie John Daniels','1986-09-07','Harlow',0,178,75,35);
INSERT INTO jogador(id,nome,data_de_nascimento,local_de_nascimento,numero_de_resenhas,altura,peso,time) VALUES (18900,'Ki Sung-Yeung','1989-01-24','Gwangju',0,189,75,34);
INSERT INTO jogador(id,nome,data_de_nascimento,local_de_nascimento,numero_de_resenhas,altura,peso,time) VALUES (18975,'D. Pröpper','1991-09-02','Arnhem',0,185,79,51);
INSERT INTO jogador(id,nome,data_de_nascimento,local_de_nascimento,numero_de_resenhas,altura,peso,time) VALUES (18995,'Jazz Richards','1991-04-12','Swansea',0,185,78,43);
INSERT INTO jogador(id,nome,data_de_nascimento,local_de_nascimento,numero_de_resenhas,altura,peso,time) VALUES (19423,'Marc Pugh','1987-04-02','Bacup',0,180,72,35);
INSERT INTO jogador(id,nome,data_de_nascimento,local_de_nascimento,numero_de_resenhas,altura,peso,time) VALUES (50237,'H. Saivet','1990-10-26','Dakar',0,174,76,34);
INSERT INTO jogador(id,nome,data_de_nascimento,local_de_nascimento,numero_de_resenhas,altura,peso,time) VALUES (68125,'Luke Garry Dreher','1998-11-27','Epsom',0,184,76,52);
INSERT INTO jogador(id,nome,data_de_nascimento,local_de_nascimento,numero_de_resenhas,altura,peso,time) VALUES (87077,'Patrice Evra','1981-05-15','Dakar',0,174,75,48);
INSERT INTO jogador(id,nome,data_de_nascimento,local_de_nascimento,numero_de_resenhas,altura,peso,time) VALUES (190,'Cédric Soares','1991-08-31','Singen',0,172,67,41);
INSERT INTO jogador(id,nome,data_de_nascimento,local_de_nascimento,numero_de_resenhas,altura,peso,time) VALUES (894,'A. Young','1985-07-09','Stevenage',0,175,65,33);
INSERT INTO jogador(id,nome,data_de_nascimento,local_de_nascimento,numero_de_resenhas,altura,peso,time) VALUES (1161,'E. Smith Rowe','2000-07-28','Croydon',0,182,79,42);
INSERT INTO jogador(id,nome,data_de_nascimento,local_de_nascimento,numero_de_resenhas,altura,peso,time) VALUES (1440,'R. Holding','1995-09-20','Stalybridge',0,189,75,42);
INSERT INTO jogador(id,nome,data_de_nascimento,local_de_nascimento,numero_de_resenhas,altura,peso,time) VALUES (1467,'A. Lacazette','1991-05-28','Lyon',0,175,73,42);
INSERT INTO jogador(id,nome,data_de_nascimento,local_de_nascimento,numero_de_resenhas,altura,peso,time) VALUES (1468,'Edward Nketiah','1999-05-30',null,0,175,72,42);
INSERT INTO jogador(id,nome,data_de_nascimento,local_de_nascimento,numero_de_resenhas,altura,peso,time) VALUES (18746,'M. Gibbs-White','2000-01-27',null,0,null,null,39);
INSERT INTO jogador(id,nome,data_de_nascimento,local_de_nascimento,numero_de_resenhas,altura,peso,time) VALUES (18871,'Matthew David Butcher','1997-05-14','Reading',0,188,83,35);
INSERT INTO jogador(id,nome,data_de_nascimento,local_de_nascimento,numero_de_resenhas,altura,peso,time) VALUES (18913,'Anthony David Driscoll-Glennon','1999-11-26','Bootle',0,181,null,44);
INSERT INTO jogador(id,nome,data_de_nascimento,local_de_nascimento,numero_de_resenhas,altura,peso,time) VALUES (18939,'K. Ramsay','2000-10-10','London',0,179,66,41);
INSERT INTO jogador(id,nome,data_de_nascimento,local_de_nascimento,numero_de_resenhas,altura,peso,time) VALUES (18950,'J. Sims','1997-03-28','Yeovil',0,174,67,41);
INSERT INTO jogador(id,nome,data_de_nascimento,local_de_nascimento,numero_de_resenhas,altura,peso,time) VALUES (18951,'C. Slattery','1999-02-08','Kidlington',0,180,80,41);
INSERT INTO jogador(id,nome,data_de_nascimento,local_de_nascimento,numero_de_resenhas,altura,peso,time) VALUES (18971,'Beram Kayal','1988-05-02','Jadeidi',0,178,74,51);
INSERT INTO jogador(id,nome,data_de_nascimento,local_de_nascimento,numero_de_resenhas,altura,peso,time) VALUES (19016,'C. Chambers','1995-01-20','Petersfield',0,182,66,36);
INSERT INTO jogador(id,nome,data_de_nascimento,local_de_nascimento,numero_de_resenhas,altura,peso,time) VALUES (19029,'K. McDonald','1988-11-04','Carnoustie',0,188,82,36);
INSERT INTO jogador(id,nome,data_de_nascimento,local_de_nascimento,numero_de_resenhas,altura,peso,time) VALUES (19179,'Tyrone Mings','1993-03-13','Bath',0,196,77,35);
INSERT INTO jogador(id,nome,data_de_nascimento,local_de_nascimento,numero_de_resenhas,altura,peso,time) VALUES (19550,'B. Baningime','1998-09-09','Kinshasa',0,178,70,45);
INSERT INTO jogador(id,nome,data_de_nascimento,local_de_nascimento,numero_de_resenhas,altura,peso,time) VALUES (19599,'E. Martínez','1992-09-02','Mar del Plata',0,195,88,42);
INSERT INTO jogador(id,nome,data_de_nascimento,local_de_nascimento,numero_de_resenhas,altura,peso,time) VALUES (19959,'B. White','1997-10-08','Poole',0,185,78,51);
INSERT INTO jogador(id,nome,data_de_nascimento,local_de_nascimento,numero_de_resenhas,altura,peso,time) VALUES (20008,'Bright Enobakhare','1998-02-08',null,0,178,79,39);
INSERT INTO jogador(id,nome,data_de_nascimento,local_de_nascimento,numero_de_resenhas,altura,peso,time) VALUES (1446,'Z. Medley','2000-07-09','Greenwich',0,195,90,42);
INSERT INTO jogador(id,nome,data_de_nascimento,local_de_nascimento,numero_de_resenhas,altura,peso,time) VALUES (2287,'R. Barkley','1993-12-05','Liverpool',0,189,76,49);
INSERT INTO jogador(id,nome,data_de_nascimento,local_de_nascimento,numero_de_resenhas,altura,peso,time) VALUES (2289,'Jorginho','1991-12-20','Imbituba',0,180,65,49);
INSERT INTO jogador(id,nome,data_de_nascimento,local_de_nascimento,numero_de_resenhas,altura,peso,time) VALUES (2292,'R. Loftus-Cheek','1996-01-23','London',0,191,88,49);
INSERT INTO jogador(id,nome,data_de_nascimento,local_de_nascimento,numero_de_resenhas,altura,peso,time) VALUES (2933,'Ben Chilwell','1996-12-21','Milton Keynes',0,178,77,46);
INSERT INTO jogador(id,nome,data_de_nascimento,local_de_nascimento,numero_de_resenhas,altura,peso,time) VALUES (18747,'R. Giles','2000-01-26','Telford',0,179,72,39);
INSERT INTO jogador(id,nome,data_de_nascimento,local_de_nascimento,numero_de_resenhas,altura,peso,time) VALUES (18839,'S. Dann','1987-02-14','Liverpool',0,188,76,52);
INSERT INTO jogador(id,nome,data_de_nascimento,local_de_nascimento,numero_de_resenhas,altura,peso,time) VALUES (18954,'S. Gallagher','1995-09-15','Crediton',0,194,75,41);
INSERT INTO jogador(id,nome,data_de_nascimento,local_de_nascimento,numero_de_resenhas,altura,peso,time) VALUES (18955,'D. Ings','1992-07-23','Winchester',0,178,73,41);
INSERT INTO jogador(id,nome,data_de_nascimento,local_de_nascimento,numero_de_resenhas,altura,peso,time) VALUES (18964,'Bernardo Fernandes da Silva Junior','1995-05-14','São Paulo',0,186,76,51);
INSERT INTO jogador(id,nome,data_de_nascimento,local_de_nascimento,numero_de_resenhas,altura,peso,time) VALUES (18980,'J. Izquierdo','1992-07-07','Pereira',0,171,73,51);
INSERT INTO jogador(id,nome,data_de_nascimento,local_de_nascimento,numero_de_resenhas,altura,peso,time) VALUES (18981,'J. Locadia','1993-11-07','Emmen',0,193,85,51);
INSERT INTO jogador(id,nome,data_de_nascimento,local_de_nascimento,numero_de_resenhas,altura,peso,time) VALUES (18986,'S. Bamba','1985-01-13','Ivry-sur-Seine',0,190,90,43);
INSERT INTO jogador(id,nome,data_de_nascimento,local_de_nascimento,numero_de_resenhas,altura,peso,time) VALUES (18994,'L. Peltier','1986-12-11','Liverpool',0,178,73,43);
INSERT INTO jogador(id,nome,data_de_nascimento,local_de_nascimento,numero_de_resenhas,altura,peso,time) VALUES (19012,'M. Bettinelli','1992-05-24','Camberwell',0,194,82,36);
INSERT INTO jogador(id,nome,data_de_nascimento,local_de_nascimento,numero_de_resenhas,altura,peso,time) VALUES (19044,'C. Löwe','1989-04-16','Plauen',0,175,68,37);
INSERT INTO jogador(id,nome,data_de_nascimento,local_de_nascimento,numero_de_resenhas,altura,peso,time) VALUES (19045,'C. Schindler','1990-04-29','München',0,189,82,37);
INSERT INTO jogador(id,nome,data_de_nascimento,local_de_nascimento,numero_de_resenhas,altura,peso,time) VALUES (19052,'Jason David Ian Puncheon','1986-06-18','London',0,173,70,37);
INSERT INTO jogador(id,nome,data_de_nascimento,local_de_nascimento,numero_de_resenhas,altura,peso,time) VALUES (19059,'I. Mbenza','1996-03-08','Saint-Denis',0,187,77,37);
INSERT INTO jogador(id,nome,data_de_nascimento,local_de_nascimento,numero_de_resenhas,altura,peso,time) VALUES (19177,'Kortney Hause','1995-07-16','Redbridge',0,191,77,39);
INSERT INTO jogador(id,nome,data_de_nascimento,local_de_nascimento,numero_de_resenhas,altura,peso,time) VALUES (630,'F. Delph','1989-11-21','Bradford',0,174,60,50);
INSERT INTO jogador(id,nome,data_de_nascimento,local_de_nascimento,numero_de_resenhas,altura,peso,time) VALUES (2288,'D. Drinkwater','1990-03-05','Manchester',0,178,79,49);
INSERT INTO jogador(id,nome,data_de_nascimento,local_de_nascimento,numero_de_resenhas,altura,peso,time) VALUES (2298,'Callum Hudson-Odoi','2000-11-07',null,0,182,76,49);
INSERT INTO jogador(id,nome,data_de_nascimento,local_de_nascimento,numero_de_resenhas,altura,peso,time) VALUES (2484,'Yerry Fernando Mina González','1994-09-23','Guachené',0,195,94,45);
INSERT INTO jogador(id,nome,data_de_nascimento,local_de_nascimento,numero_de_resenhas,altura,peso,time) VALUES (2928,'C. Benteke','1990-12-03','Kinshasa',0,190,83,52);
INSERT INTO jogador(id,nome,data_de_nascimento,local_de_nascimento,numero_de_resenhas,altura,peso,time) VALUES (18760,'Jonjoe Kenny','1997-03-15','Liverpool',0,176,70,45);
INSERT INTO jogador(id,nome,data_de_nascimento,local_de_nascimento,numero_de_resenhas,altura,peso,time) VALUES (18781,'D. Gray','1996-06-28','Birmingham',0,180,74,46);
INSERT INTO jogador(id,nome,data_de_nascimento,local_de_nascimento,numero_de_resenhas,altura,peso,time) VALUES (18806,'W. Hughes','1995-04-17','Surrey',0,185,74,38);
INSERT INTO jogador(id,nome,data_de_nascimento,local_de_nascimento,numero_de_resenhas,altura,peso,time) VALUES (18835,'Guaita','1987-01-10','Torrente',0,190,81,52);
INSERT INTO jogador(id,nome,data_de_nascimento,local_de_nascimento,numero_de_resenhas,altura,peso,time) VALUES (18840,'M. Kelly','1990-04-27','Bolton',0,191,77,52);
INSERT INTO jogador(id,nome,data_de_nascimento,local_de_nascimento,numero_de_resenhas,altura,peso,time) VALUES (18843,'J. Schlupp','1992-12-23','Hamburg',0,178,72,52);
INSERT INTO jogador(id,nome,data_de_nascimento,local_de_nascimento,numero_de_resenhas,altura,peso,time) VALUES (18844,'J. Tomkins','1989-03-29','Basildon',0,192,74,52);
INSERT INTO jogador(id,nome,data_de_nascimento,local_de_nascimento,numero_de_resenhas,altura,peso,time) VALUES (18847,'J. Ward','1989-10-29','Portsmouth',0,188,83,52);
INSERT INTO jogador(id,nome,data_de_nascimento,local_de_nascimento,numero_de_resenhas,altura,peso,time) VALUES (18849,'J. McArthur','1987-10-07','Glasgow',0,178,75,52);
INSERT INTO jogador(id,nome,data_de_nascimento,local_de_nascimento,numero_de_resenhas,altura,peso,time) VALUES (18852,'L. Milivojević','1991-04-07','Kragujevac',0,186,80,52);
INSERT INTO jogador(id,nome,data_de_nascimento,local_de_nascimento,numero_de_resenhas,altura,peso,time) VALUES (18853,'J. Riedewald','1996-09-09','Haarlem',0,182,79,52);
INSERT INTO jogador(id,nome,data_de_nascimento,local_de_nascimento,numero_de_resenhas,altura,peso,time) VALUES (18858,'A. Begović','1987-06-20','Trebinje',0,199,101,35);
INSERT INTO jogador(id,nome,data_de_nascimento,local_de_nascimento,numero_de_resenhas,altura,peso,time) VALUES (18862,'N. Clyne','1991-04-05','Stockwell',0,175,67,35);
INSERT INTO jogador(id,nome,data_de_nascimento,local_de_nascimento,numero_de_resenhas,altura,peso,time) VALUES (18902,'Kenedy','1996-02-08','Santa Rita do Sapucaí',0,182,77,34);
INSERT INTO jogador(id,nome,data_de_nascimento,local_de_nascimento,numero_de_resenhas,altura,peso,time) VALUES (19150,'Mason Holgate','1996-10-22','Doncaster',0,184,63,45);
INSERT INTO jogador(id,nome,data_de_nascimento,local_de_nascimento,numero_de_resenhas,altura,peso,time) VALUES (171,'K. Walker-Peters','1997-04-13','London',0,173,62,47);
INSERT INTO jogador(id,nome,data_de_nascimento,local_de_nascimento,numero_de_resenhas,altura,peso,time) VALUES (172,'D. Alli','1996-04-11','Milton Keynes',0,188,76,47);
INSERT INTO jogador(id,nome,data_de_nascimento,local_de_nascimento,numero_de_resenhas,altura,peso,time) VALUES (622,'Aymeric Laporte','1994-05-27','Agen',0,191,86,50);
INSERT INTO jogador(id,nome,data_de_nascimento,local_de_nascimento,numero_de_resenhas,altura,peso,time) VALUES (623,'B. Mendy','1994-07-17','Longjumeau',0,185,85,50);
INSERT INTO jogador(id,nome,data_de_nascimento,local_de_nascimento,numero_de_resenhas,altura,peso,time) VALUES (635,'R. Mahrez','1991-02-21','Sarcelles',0,179,67,50);
INSERT INTO jogador(id,nome,data_de_nascimento,local_de_nascimento,numero_de_resenhas,altura,peso,time) VALUES (640,'Fernandinho','1985-05-04','Londrina',0,179,67,50);
INSERT INTO jogador(id,nome,data_de_nascimento,local_de_nascimento,numero_de_resenhas,altura,peso,time) VALUES (2275,'W. Caballero','1981-09-28','Entre Ríos',0,186,81,49);
INSERT INTO jogador(id,nome,data_de_nascimento,local_de_nascimento,numero_de_resenhas,altura,peso,time) VALUES (3398,'G. Bong','1988-04-25','Sakbayeme',0,187,74,51);
INSERT INTO jogador(id,nome,data_de_nascimento,local_de_nascimento,numero_de_resenhas,altura,peso,time) VALUES (18762,'T. Davies','1998-06-30','Liverpool',0,180,70,45);
INSERT INTO jogador(id,nome,data_de_nascimento,local_de_nascimento,numero_de_resenhas,altura,peso,time) VALUES (18766,'D. Calvert-Lewin','1997-03-16','Sheffield',0,187,71,45);
INSERT INTO jogador(id,nome,data_de_nascimento,local_de_nascimento,numero_de_resenhas,altura,peso,time) VALUES (18768,'C. Tosun','1991-06-07','Wetzlar',0,183,78,45);
INSERT INTO jogador(id,nome,data_de_nascimento,local_de_nascimento,numero_de_resenhas,altura,peso,time) VALUES (18769,'T. Walcott','1989-03-16','London',0,176,68,45);
INSERT INTO jogador(id,nome,data_de_nascimento,local_de_nascimento,numero_de_resenhas,altura,peso,time) VALUES (18805,'A. Doucouré','1993-01-01','Meulan-en-Yvelines',0,184,75,38);
INSERT INTO jogador(id,nome,data_de_nascimento,local_de_nascimento,numero_de_resenhas,altura,peso,time) VALUES (18854,'A. Townsend','1991-07-16','London',0,181,77,52);
INSERT INTO jogador(id,nome,data_de_nascimento,local_de_nascimento,numero_de_resenhas,altura,peso,time) VALUES (18932,'F. Forster','1988-03-17','Hexham',0,201,93,41);
INSERT INTO jogador(id,nome,data_de_nascimento,local_de_nascimento,numero_de_resenhas,altura,peso,time) VALUES (18935,'A. McCarthy','1989-12-03','Guildford',0,193,79,41);
INSERT INTO jogador(id,nome,data_de_nascimento,local_de_nascimento,numero_de_resenhas,altura,peso,time) VALUES (18940,'J. Stephens','1994-01-27','Plymouth',0,185,75,41);
INSERT INTO jogador(id,nome,data_de_nascimento,local_de_nascimento,numero_de_resenhas,altura,peso,time) VALUES (18942,'Y. Valery','1999-02-22','Champigny-sur-Marne',0,180,85,41);
INSERT INTO jogador(id,nome,data_de_nascimento,local_de_nascimento,numero_de_resenhas,altura,peso,time) VALUES (18949,'Oriol Romeu','1991-09-24','Ulldecona',0,183,83,41);
INSERT INTO jogador(id,nome,data_de_nascimento,local_de_nascimento,numero_de_resenhas,altura,peso,time) VALUES (18956,'S. Long','1987-01-22','Gortnahoe',0,178,81,41);
INSERT INTO jogador(id,nome,data_de_nascimento,local_de_nascimento,numero_de_resenhas,altura,peso,time) VALUES (284,'Joe Gomez','1997-05-23','London',0,188,77,40);
INSERT INTO jogador(id,nome,data_de_nascimento,local_de_nascimento,numero_de_resenhas,altura,peso,time) VALUES (286,'J. Matip','1991-08-08','Bochum',0,195,90,40);
INSERT INTO jogador(id,nome,data_de_nascimento,local_de_nascimento,numero_de_resenhas,altura,peso,time) VALUES (292,'J. Henderson','1990-06-17','Sunderland',0,182,67,40);
INSERT INTO jogador(id,nome,data_de_nascimento,local_de_nascimento,numero_de_resenhas,altura,peso,time) VALUES (293,'C. Jones','2001-01-30',null,0,185,75,40);
INSERT INTO jogador(id,nome,data_de_nascimento,local_de_nascimento,numero_de_resenhas,altura,peso,time) VALUES (296,'J. Milner','1986-01-04','Leeds',0,175,70,40);
INSERT INTO jogador(id,nome,data_de_nascimento,local_de_nascimento,numero_de_resenhas,altura,peso,time) VALUES (297,'A. Oxlade-Chamberlain','1993-08-15','Portsmouth',0,180,70,40);
INSERT INTO jogador(id,nome,data_de_nascimento,local_de_nascimento,numero_de_resenhas,altura,peso,time) VALUES (302,'Roberto Firmino','1991-10-02','Maceió',0,181,76,40);
INSERT INTO jogador(id,nome,data_de_nascimento,local_de_nascimento,numero_de_resenhas,altura,peso,time) VALUES (882,'David de Gea','1990-11-07','Madrid',0,192,76,33);
INSERT INTO jogador(id,nome,data_de_nascimento,local_de_nascimento,numero_de_resenhas,altura,peso,time) VALUES (883,'L. Grant','1983-01-27','Hemel Hempstead',0,193,83,33);
INSERT INTO jogador(id,nome,data_de_nascimento,local_de_nascimento,numero_de_resenhas,altura,peso,time) VALUES (895,'J. Garner','2001-03-13','Birkenhead',0,182,null,33);
INSERT INTO jogador(id,nome,data_de_nascimento,local_de_nascimento,numero_de_resenhas,altura,peso,time) VALUES (1972,'L. Karius','1993-06-22','Biberach an der Riß',0,189,90,40);
INSERT INTO jogador(id,nome,data_de_nascimento,local_de_nascimento,numero_de_resenhas,altura,peso,time) VALUES (2931,'T. Heaton','1986-04-15','Chester',0,188,85,44);
INSERT INTO jogador(id,nome,data_de_nascimento,local_de_nascimento,numero_de_resenhas,altura,peso,time) VALUES (18812,'Adrián','1987-01-03','Sevilla',0,190,80,48);
INSERT INTO jogador(id,nome,data_de_nascimento,local_de_nascimento,numero_de_resenhas,altura,peso,time) VALUES (18828,'R. Snodgrass','1987-09-07','Glasgow',0,182,82,48);
INSERT INTO jogador(id,nome,data_de_nascimento,local_de_nascimento,numero_de_resenhas,altura,peso,time) VALUES (18832,'Xande Silva','1997-03-16','Lisboa',0,177,68,48);
INSERT INTO jogador(id,nome,data_de_nascimento,local_de_nascimento,numero_de_resenhas,altura,peso,time) VALUES (18863,'S. Cook','1991-04-19','Hastings',0,185,82,35);
INSERT INTO jogador(id,nome,data_de_nascimento,local_de_nascimento,numero_de_resenhas,altura,peso,time) VALUES (18884,'S. Surridge','1998-07-28','Slough',0,191,77,35);
INSERT INTO jogador(id,nome,data_de_nascimento,local_de_nascimento,numero_de_resenhas,altura,peso,time) VALUES (19035,'H. Elliott','2003-04-04',null,0,170,null,36);
INSERT INTO jogador(id,nome,data_de_nascimento,local_de_nascimento,numero_de_resenhas,altura,peso,time) VALUES (19955,'J. Knight','1997-09-07','Leicester',0,185,78,46);
INSERT INTO jogador(id,nome,data_de_nascimento,local_de_nascimento,numero_de_resenhas,altura,peso,time) VALUES (73822,'Marcelo Djaló','1993-10-08','Barcelona',0,193,86,36);
INSERT INTO jogador(id,nome,data_de_nascimento,local_de_nascimento,numero_de_resenhas,altura,peso,time) VALUES (885,'Eric Bertrand  Bailly','1994-04-12','Bingerville',0,187,77,33);
INSERT INTO jogador(id,nome,data_de_nascimento,local_de_nascimento,numero_de_resenhas,altura,peso,time) VALUES (888,'P. Jones','1992-02-21','Preston',0,180,71,33);
INSERT INTO jogador(id,nome,data_de_nascimento,local_de_nascimento,numero_de_resenhas,altura,peso,time) VALUES (889,'V. Lindelöf','1994-07-17','Västerås',0,187,80,33);
INSERT INTO jogador(id,nome,data_de_nascimento,local_de_nascimento,numero_de_resenhas,altura,peso,time) VALUES (891,'L. Shaw','1995-07-12','Kingston upon Thames',0,185,75,33);
INSERT INTO jogador(id,nome,data_de_nascimento,local_de_nascimento,numero_de_resenhas,altura,peso,time) VALUES (897,'Mason Greenwood','2001-10-01','Bradford',0,181,70,33);
INSERT INTO jogador(id,nome,data_de_nascimento,local_de_nascimento,numero_de_resenhas,altura,peso,time) VALUES (900,'J. Lingard','1992-12-15','Warrington',0,175,62,33);
INSERT INTO jogador(id,nome,data_de_nascimento,local_de_nascimento,numero_de_resenhas,altura,peso,time) VALUES (901,'Mata','1988-04-28','Burgos',0,170,63,33);
INSERT INTO jogador(id,nome,data_de_nascimento,local_de_nascimento,numero_de_resenhas,altura,peso,time) VALUES (902,'N. Matić','1988-08-01','Šabac',0,194,85,33);
INSERT INTO jogador(id,nome,data_de_nascimento,local_de_nascimento,numero_de_resenhas,altura,peso,time) VALUES (909,'Marcus Rashford','1997-10-31','Manchester',0,180,70,33);
INSERT INTO jogador(id,nome,data_de_nascimento,local_de_nascimento,numero_de_resenhas,altura,peso,time) VALUES (18001,'R. Schofield','1999-12-11',null,0,190,null,37);
INSERT INTO jogador(id,nome,data_de_nascimento,local_de_nascimento,numero_de_resenhas,altura,peso,time) VALUES (18759,'P. Jagielka','1982-08-17','Manchester',0,180,87,45);
INSERT INTO jogador(id,nome,data_de_nascimento,local_de_nascimento,numero_de_resenhas,altura,peso,time) VALUES (18807,'Domingos Quina','1999-11-18','Bissau',0,179,72,38);
INSERT INTO jogador(id,nome,data_de_nascimento,local_de_nascimento,numero_de_resenhas,altura,peso,time) VALUES (18846,'A. Wan-Bissaka','1997-11-26','London',0,183,72,52);
INSERT INTO jogador(id,nome,data_de_nascimento,local_de_nascimento,numero_de_resenhas,altura,peso,time) VALUES (18920,'J. Benson','1999-12-05',null,0,null,null,44);
INSERT INTO jogador(id,nome,data_de_nascimento,local_de_nascimento,numero_de_resenhas,altura,peso,time) VALUES (19010,'D. Ward','1990-12-11','Bradford',0,180,88,43);
INSERT INTO jogador(id,nome,data_de_nascimento,local_de_nascimento,numero_de_resenhas,altura,peso,time) VALUES (19046,'T. Smith','1992-04-14','Warrington',0,186,75,37);
INSERT INTO jogador(id,nome,data_de_nascimento,local_de_nascimento,numero_de_resenhas,altura,peso,time) VALUES (19048,'M. Daly','2001-03-10','Stockport',0,176,75,37);
INSERT INTO jogador(id,nome,data_de_nascimento,local_de_nascimento,numero_de_resenhas,altura,peso,time) VALUES (19049,'J. Hogg','1988-12-06','Middlesbrough',0,170,67,37);
INSERT INTO jogador(id,nome,data_de_nascimento,local_de_nascimento,numero_de_resenhas,altura,peso,time) VALUES (19060,'Aaron Rowe','2000-09-07',null,0,null,null,37);
INSERT INTO jogador(id,nome,data_de_nascimento,local_de_nascimento,numero_de_resenhas,altura,peso,time) VALUES (30800,'B. Wilmot','1999-11-04','Stevenage',0,188,80,38);
INSERT INTO jogador(id,nome,data_de_nascimento,local_de_nascimento,numero_de_resenhas,altura,peso,time) VALUES (295,'A. Lallana','1988-05-10','St Albans',0,172,73,40);
INSERT INTO jogador(id,nome,data_de_nascimento,local_de_nascimento,numero_de_resenhas,altura,peso,time) VALUES (1469,'D. Welbeck','1990-11-26','Manchester',0,185,73,42);
INSERT INTO jogador(id,nome,data_de_nascimento,local_de_nascimento,numero_de_resenhas,altura,peso,time) VALUES (2281,'G. Cahill','1985-12-19','Dronfield',0,193,86,49);
INSERT INTO jogador(id,nome,data_de_nascimento,local_de_nascimento,numero_de_resenhas,altura,peso,time) VALUES (2490,'J. Lerma','1994-10-25','Cerrito',0,179,70,35);
INSERT INTO jogador(id,nome,data_de_nascimento,local_de_nascimento,numero_de_resenhas,altura,peso,time) VALUES (18737,'J. Ruddy','1986-10-24','St Ives',0,192,96,39);
INSERT INTO jogador(id,nome,data_de_nascimento,local_de_nascimento,numero_de_resenhas,altura,peso,time) VALUES (18740,'Jonny Castro','1994-03-03','Vigo',0,175,70,39);
INSERT INTO jogador(id,nome,data_de_nascimento,local_de_nascimento,numero_de_resenhas,altura,peso,time) VALUES (18744,'M. Kilman','1997-05-23','London',0,null,null,39);
INSERT INTO jogador(id,nome,data_de_nascimento,local_de_nascimento,numero_de_resenhas,altura,peso,time) VALUES (18869,'A. Smith','1991-04-29','London',0,180,78,35);
INSERT INTO jogador(id,nome,data_de_nascimento,local_de_nascimento,numero_de_resenhas,altura,peso,time) VALUES (18870,'D. Brooks','1997-07-08','Warrington',0,173,62,35);
INSERT INTO jogador(id,nome,data_de_nascimento,local_de_nascimento,numero_de_resenhas,altura,peso,time) VALUES (18872,'L. Cook','1997-02-03','York',0,175,71,35);
INSERT INTO jogador(id,nome,data_de_nascimento,local_de_nascimento,numero_de_resenhas,altura,peso,time) VALUES (18878,'J. Stanislas','1989-11-26','Kidbrooke',0,183,76,35);
INSERT INTO jogador(id,nome,data_de_nascimento,local_de_nascimento,numero_de_resenhas,altura,peso,time) VALUES (18889,'F. Woodman','1997-03-04','London',0,188,83,34);
INSERT INTO jogador(id,nome,data_de_nascimento,local_de_nascimento,numero_de_resenhas,altura,peso,time) VALUES (18921,'R. Brady','1992-01-14','Dublin',0,176,71,44);
INSERT INTO jogador(id,nome,data_de_nascimento,local_de_nascimento,numero_de_resenhas,altura,peso,time) VALUES (18933,'A. Gunn','1996-01-22','Norwich',0,196,77,41);
INSERT INTO jogador(id,nome,data_de_nascimento,local_de_nascimento,numero_de_resenhas,altura,peso,time) VALUES (18960,'J. Steele','1990-08-18','Newton Aycliffe',0,188,79,51);
INSERT INTO jogador(id,nome,data_de_nascimento,local_de_nascimento,numero_de_resenhas,altura,peso,time) VALUES (18963,'L. Dunk','1991-11-21','Brighton',0,192,88,51);
INSERT INTO jogador(id,nome,data_de_nascimento,local_de_nascimento,numero_de_resenhas,altura,peso,time) VALUES (18970,'P. Groß','1991-06-15','Mannheim',0,181,78,51);
INSERT INTO jogador(id,nome,data_de_nascimento,local_de_nascimento,numero_de_resenhas,altura,peso,time) VALUES (18987,'Joe Bennett','1990-03-28','Rochdale',0,177,74,43);
INSERT INTO jogador(id,nome,data_de_nascimento,local_de_nascimento,numero_de_resenhas,altura,peso,time) VALUES (19039,'D. Duhaney','1998-10-13',null,0,180,70,37);
INSERT INTO jogador(id,nome,data_de_nascimento,local_de_nascimento,numero_de_resenhas,altura,peso,time) VALUES (19100,'K. Dowell','1997-10-10','Ormskirk',0,184,59,45);
INSERT INTO jogador(id,nome,data_de_nascimento,local_de_nascimento,numero_de_resenhas,altura,peso,time) VALUES (158,'P. Gazzaniga','1992-01-02','Murphy',0,196,90,47);
INSERT INTO jogador(id,nome,data_de_nascimento,local_de_nascimento,numero_de_resenhas,altura,peso,time) VALUES (2790,'J. Guðmunds­son','1990-10-27','Reykjavík',0,186,78,44);
INSERT INTO jogador(id,nome,data_de_nascimento,local_de_nascimento,numero_de_resenhas,altura,peso,time) VALUES (2936,'J. Tarkowski','1992-11-19','Manchester',0,185,81,44);
INSERT INTO jogador(id,nome,data_de_nascimento,local_de_nascimento,numero_de_resenhas,altura,peso,time) VALUES (18736,'W. Norris','1993-08-12','Watford',0,195,74,39);
INSERT INTO jogador(id,nome,data_de_nascimento,local_de_nascimento,numero_de_resenhas,altura,peso,time) VALUES (18883,'D. Solanke','1997-09-14','Reading',0,187,80,35);
INSERT INTO jogador(id,nome,data_de_nascimento,local_de_nascimento,numero_de_resenhas,altura,peso,time) VALUES (18912,'P. Bardsley','1985-06-28','Salford',0,180,74,44);
INSERT INTO jogador(id,nome,data_de_nascimento,local_de_nascimento,numero_de_resenhas,altura,peso,time) VALUES (18915,'K. Long','1990-08-18','Cork',0,188,83,44);
INSERT INTO jogador(id,nome,data_de_nascimento,local_de_nascimento,numero_de_resenhas,altura,peso,time) VALUES (18916,'M. Lowton','1989-06-09','Chesterfield',0,180,78,44);
INSERT INTO jogador(id,nome,data_de_nascimento,local_de_nascimento,numero_de_resenhas,altura,peso,time) VALUES (18917,'B. Mee','1989-09-21','Sale',0,180,74,44);
INSERT INTO jogador(id,nome,data_de_nascimento,local_de_nascimento,numero_de_resenhas,altura,peso,time) VALUES (18918,'C. Taylor','1993-09-18','York',0,176,70,44);
INSERT INTO jogador(id,nome,data_de_nascimento,local_de_nascimento,numero_de_resenhas,altura,peso,time) VALUES (18922,'J. Cork','1989-06-25','London',0,183,70,44);
INSERT INTO jogador(id,nome,data_de_nascimento,local_de_nascimento,numero_de_resenhas,altura,peso,time) VALUES (18925,'A. Lennon','1987-04-16','Chapeltown',0,165,63,44);
INSERT INTO jogador(id,nome,data_de_nascimento,local_de_nascimento,numero_de_resenhas,altura,peso,time) VALUES (18926,'A. Westwood','1990-04-01','Nantwich',0,175,80,44);
INSERT INTO jogador(id,nome,data_de_nascimento,local_de_nascimento,numero_de_resenhas,altura,peso,time) VALUES (18927,'A. Barnes','1989-10-30','Bath',0,186,77,44);
INSERT INTO jogador(id,nome,data_de_nascimento,local_de_nascimento,numero_de_resenhas,altura,peso,time) VALUES (18929,'Dwight McNeil','1999-11-22',null,0,null,null,44);
INSERT INTO jogador(id,nome,data_de_nascimento,local_de_nascimento,numero_de_resenhas,altura,peso,time) VALUES (18977,'D. Stephens','1989-06-12','Bolton',0,169,71,51);
INSERT INTO jogador(id,nome,data_de_nascimento,local_de_nascimento,numero_de_resenhas,altura,peso,time) VALUES (19011,'Fabri','1987-12-31','Vecindario',0,184,79,36);
INSERT INTO jogador(id,nome,data_de_nascimento,local_de_nascimento,numero_de_resenhas,altura,peso,time) VALUES (19043,'T. Kongolo','1994-02-14','Fribourg',0,188,70,37);
INSERT INTO jogador(id,nome,data_de_nascimento,local_de_nascimento,numero_de_resenhas,altura,peso,time) VALUES (19107,'G. Madine','1990-08-24','Gateshead',0,191,75,43);
INSERT INTO jogador(id,nome,data_de_nascimento,local_de_nascimento,numero_de_resenhas,altura,peso,time) VALUES (82100,'Jamie Michael Sterry','1995-11-21','Newcastle upon Tyne',0,175,76,34);
INSERT INTO jogador(id,nome,data_de_nascimento,local_de_nascimento,numero_de_resenhas,altura,peso,time) VALUES (167,'D. Rose','1990-07-02','Doncaster',0,173,72,47);
INSERT INTO jogador(id,nome,data_de_nascimento,local_de_nascimento,numero_de_resenhas,altura,peso,time) VALUES (2860,'K. Sema','1993-09-30','Norrköping',0,180,69,38);
INSERT INTO jogador(id,nome,data_de_nascimento,local_de_nascimento,numero_de_resenhas,altura,peso,time) VALUES (18791,'B. Foster','1983-04-03','Leamington Spa',0,193,79,38);
INSERT INTO jogador(id,nome,data_de_nascimento,local_de_nascimento,numero_de_resenhas,altura,peso,time) VALUES (18793,'C. Cathcart','1989-02-06','Belfast',0,188,73,38);
INSERT INTO jogador(id,nome,data_de_nascimento,local_de_nascimento,numero_de_resenhas,altura,peso,time) VALUES (18794,'Kiko Femenía','1991-02-02','Alicante',0,176,61,38);
INSERT INTO jogador(id,nome,data_de_nascimento,local_de_nascimento,numero_de_resenhas,altura,peso,time) VALUES (18797,'C. Kabasele','1991-02-24','Lubumbashi',0,187,84,38);
INSERT INTO jogador(id,nome,data_de_nascimento,local_de_nascimento,numero_de_resenhas,altura,peso,time) VALUES (18804,'T. Cleverley','1989-08-12','Basingstoke',0,175,67,38);
INSERT INTO jogador(id,nome,data_de_nascimento,local_de_nascimento,numero_de_resenhas,altura,peso,time) VALUES (18821,'G. Diangana','1998-04-19',null,0,180,73,48);
INSERT INTO jogador(id,nome,data_de_nascimento,local_de_nascimento,numero_de_resenhas,altura,peso,time) VALUES (18831,'A. Carroll','1989-01-06','Gateshead',0,193,79,48);
INSERT INTO jogador(id,nome,data_de_nascimento,local_de_nascimento,numero_de_resenhas,altura,peso,time) VALUES (18874,'D. Gosling','1990-02-01','Brixham',0,183,79,35);
INSERT INTO jogador(id,nome,data_de_nascimento,local_de_nascimento,numero_de_resenhas,altura,peso,time) VALUES (18958,'D. Button','1989-02-27','Stevenage',0,191,87,51);
INSERT INTO jogador(id,nome,data_de_nascimento,local_de_nascimento,numero_de_resenhas,altura,peso,time) VALUES (18972,'A. Knockaert','1991-11-20','Roubaix',0,172,69,51);
INSERT INTO jogador(id,nome,data_de_nascimento,local_de_nascimento,numero_de_resenhas,altura,peso,time) VALUES (19004,'B. De Cordova-Reid','1993-02-02','Bristol',0,170,68,43);
INSERT INTO jogador(id,nome,data_de_nascimento,local_de_nascimento,numero_de_resenhas,altura,peso,time) VALUES (19015,'J. Bryan','1993-09-17','Bristol',0,170,72,36);
INSERT INTO jogador(id,nome,data_de_nascimento,local_de_nascimento,numero_de_resenhas,altura,peso,time) VALUES (19020,'A. Mawson','1994-01-19','London',0,188,81,36);
INSERT INTO jogador(id,nome,data_de_nascimento,local_de_nascimento,numero_de_resenhas,altura,peso,time) VALUES (19023,'T. Ream','1987-10-05','St. Louis',0,185,73,36);
INSERT INTO jogador(id,nome,data_de_nascimento,local_de_nascimento,numero_de_resenhas,altura,peso,time) VALUES (19025,'T. Cairney','1991-01-20','Nottingham',0,183,72,36);
INSERT INTO jogador(id,nome,data_de_nascimento,local_de_nascimento,numero_de_resenhas,altura,peso,time) VALUES (19055,'K. Ahearne-Grant','1997-09-18','London',0,183,70,37);
INSERT INTO jogador(id,nome,data_de_nascimento,local_de_nascimento,numero_de_resenhas,altura,peso,time) VALUES (19208,'S. Malone','1991-03-25','Rowley Regis',0,189,75,37);
INSERT INTO jogador(id,nome,data_de_nascimento,local_de_nascimento,numero_de_resenhas,altura,peso,time) VALUES (44775,'D. Bachmann','1994-07-09','Wien',0,191,81,38);
INSERT INTO jogador(id,nome,data_de_nascimento,local_de_nascimento,numero_de_resenhas,altura,peso,time) VALUES (179,'M. Sissoko','1989-08-16','Le Blanc-Mesnil',0,187,83,47);
INSERT INTO jogador(id,nome,data_de_nascimento,local_de_nascimento,numero_de_resenhas,altura,peso,time) VALUES (1463,'J. Willock','1999-08-20',null,0,179,71,42);
INSERT INTO jogador(id,nome,data_de_nascimento,local_de_nascimento,numero_de_resenhas,altura,peso,time) VALUES (2727,'J. Lössl','1989-02-01','Kolding',0,195,89,37);
INSERT INTO jogador(id,nome,data_de_nascimento,local_de_nascimento,numero_de_resenhas,altura,peso,time) VALUES (2731,'M. Jørgensen','1990-04-23','København',0,191,79,37);
INSERT INTO jogador(id,nome,data_de_nascimento,local_de_nascimento,numero_de_resenhas,altura,peso,time) VALUES (2939,'C. Wilson','1992-02-27','Coventry',0,180,66,35);
INSERT INTO jogador(id,nome,data_de_nascimento,local_de_nascimento,numero_de_resenhas,altura,peso,time) VALUES (18885,'K. Darlow','1990-10-08','Northampton',0,190,88,34);
INSERT INTO jogador(id,nome,data_de_nascimento,local_de_nascimento,numero_de_resenhas,altura,peso,time) VALUES (18886,'M. Dúbravka','1989-01-15','Žilina',0,190,83,34);
INSERT INTO jogador(id,nome,data_de_nascimento,local_de_nascimento,numero_de_resenhas,altura,peso,time) VALUES (18891,'C. Clark','1989-09-26','London',0,185,88,34);
INSERT INTO jogador(id,nome,data_de_nascimento,local_de_nascimento,numero_de_resenhas,altura,peso,time) VALUES (18892,'P. Dummett','1991-09-26','Newcastle upon Tyne',0,183,82,34);
INSERT INTO jogador(id,nome,data_de_nascimento,local_de_nascimento,numero_de_resenhas,altura,peso,time) VALUES (18893,'F. Fernández','1989-02-21','Tres Algarrobos',0,190,83,34);
INSERT INTO jogador(id,nome,data_de_nascimento,local_de_nascimento,numero_de_resenhas,altura,peso,time) VALUES (18894,'J. Lascelles','1993-11-11','Derby',0,188,89,34);
INSERT INTO jogador(id,nome,data_de_nascimento,local_de_nascimento,numero_de_resenhas,altura,peso,time) VALUES (18899,'I. Hayden','1995-03-22','Chelmsford',0,185,79,34);
INSERT INTO jogador(id,nome,data_de_nascimento,local_de_nascimento,numero_de_resenhas,altura,peso,time) VALUES (18901,'S. Longstaff','1997-10-30','Newcastle upon Tyne',0,181,65,34);
INSERT INTO jogador(id,nome,data_de_nascimento,local_de_nascimento,numero_de_resenhas,altura,peso,time) VALUES (18903,'M. Ritchie','1989-09-10','Gosport',0,172,76,34);
INSERT INTO jogador(id,nome,data_de_nascimento,local_de_nascimento,numero_de_resenhas,altura,peso,time) VALUES (18904,'J. Shelvey','1992-02-27','London',0,184,80,34);
INSERT INTO jogador(id,nome,data_de_nascimento,local_de_nascimento,numero_de_resenhas,altura,peso,time) VALUES (18941,'Matt Targett','1995-09-18','Eastleigh',0,183,70,41);
INSERT INTO jogador(id,nome,data_de_nascimento,local_de_nascimento,numero_de_resenhas,altura,peso,time) VALUES (18961,'D. Burn','1992-05-09','Blyth',0,198,87,51);
INSERT INTO jogador(id,nome,data_de_nascimento,local_de_nascimento,numero_de_resenhas,altura,peso,time) VALUES (19163,'J. Murphy','1995-02-24','London',0,179,74,34);
INSERT INTO jogador(id,nome,data_de_nascimento,local_de_nascimento,numero_de_resenhas,altura,peso,time) VALUES (68126,'L. Cass','2000-02-27','North Shields',0,185,74,34);
INSERT INTO jogador(id,nome,data_de_nascimento,local_de_nascimento,numero_de_resenhas,altura,peso,time) VALUES (68127,'K. Watts','1999-11-03','Alnwick',0,192,75,34);
INSERT INTO jogador(id,nome,data_de_nascimento,local_de_nascimento,numero_de_resenhas,altura,peso,time) VALUES (165,'Timothy Joel Eyoma','2000-01-29','London',0,183,76,47);
INSERT INTO jogador(id,nome,data_de_nascimento,local_de_nascimento,numero_de_resenhas,altura,peso,time) VALUES (173,'L. Amos','1997-02-23','Hatfield',0,179,70,47);
INSERT INTO jogador(id,nome,data_de_nascimento,local_de_nascimento,numero_de_resenhas,altura,peso,time) VALUES (906,'T. Chong','1999-12-04','Willemstad',0,185,75,33);
INSERT INTO jogador(id,nome,data_de_nascimento,local_de_nascimento,numero_de_resenhas,altura,peso,time) VALUES (17794,'Joe James Powell','1998-10-30','Newham',0,178,68,48);
INSERT INTO jogador(id,nome,data_de_nascimento,local_de_nascimento,numero_de_resenhas,altura,peso,time) VALUES (18738,'R. Bennett','1990-03-06','Orsett',0,188,77,39);
INSERT INTO jogador(id,nome,data_de_nascimento,local_de_nascimento,numero_de_resenhas,altura,peso,time) VALUES (18808,'T. Deeney','1988-06-29','Birmingham',0,183,90,38);
INSERT INTO jogador(id,nome,data_de_nascimento,local_de_nascimento,numero_de_resenhas,altura,peso,time) VALUES (18810,'A. Gray','1991-06-26','Wolverhampton',0,178,83,38);
INSERT INTO jogador(id,nome,data_de_nascimento,local_de_nascimento,numero_de_resenhas,altura,peso,time) VALUES (18841,'Pape  NDiaye Souaré','1990-06-06','Mbao',0,178,68,52);
INSERT INTO jogador(id,nome,data_de_nascimento,local_de_nascimento,numero_de_resenhas,altura,peso,time) VALUES (18938,'A. Jones','1997-10-07','Bristol',0,191,70,41);
INSERT INTO jogador(id,nome,data_de_nascimento,local_de_nascimento,numero_de_resenhas,altura,peso,time) VALUES (18952,'C. Austin','1989-07-05','Hungerford',0,188,84,41);
INSERT INTO jogador(id,nome,data_de_nascimento,local_de_nascimento,numero_de_resenhas,altura,peso,time) VALUES (18976,'Max Harrison Sanders','1999-01-04','Crawley',0,176,68,51);
INSERT INTO jogador(id,nome,data_de_nascimento,local_de_nascimento,numero_de_resenhas,altura,peso,time) VALUES (18985,'A. Smithies','1990-03-05','Huddersfield',0,191,83,43);
INSERT INTO jogador(id,nome,data_de_nascimento,local_de_nascimento,numero_de_resenhas,altura,peso,time) VALUES (18990,'G. Cunningham','1991-01-31','Galway',0,183,70,43);
INSERT INTO jogador(id,nome,data_de_nascimento,local_de_nascimento,numero_de_resenhas,altura,peso,time) VALUES (18992,'S. Morrison','1991-01-08','Plymouth',0,194,77,43);
INSERT INTO jogador(id,nome,data_de_nascimento,local_de_nascimento,numero_de_resenhas,altura,peso,time) VALUES (19002,'J. Murphy','1995-02-24','London',0,173,67,43);
INSERT INTO jogador(id,nome,data_de_nascimento,local_de_nascimento,numero_de_resenhas,altura,peso,time) VALUES (19003,'J. Ralls','1993-10-12','Aldershot',0,178,70,43);
INSERT INTO jogador(id,nome,data_de_nascimento,local_de_nascimento,numero_de_resenhas,altura,peso,time) VALUES (19009,'El-Hadji Baye Oumar Niasse','1990-04-18','Ouakam',0,182,75,43);
INSERT INTO jogador(id,nome,data_de_nascimento,local_de_nascimento,numero_de_resenhas,altura,peso,time) VALUES (19024,'Zeze  Steven Sessegnon','2000-05-18','London',0,null,null,36);
INSERT INTO jogador(id,nome,data_de_nascimento,local_de_nascimento,numero_de_resenhas,altura,peso,time) VALUES (19038,'B. Hamer','1987-11-20','Taunton',0,192,91,37);
INSERT INTO jogador(id,nome,data_de_nascimento,local_de_nascimento,numero_de_resenhas,altura,peso,time) VALUES (19159,'S. Johansen','1991-01-08','Vardø',0,182,78,36);
INSERT INTO jogador(id,nome,data_de_nascimento,local_de_nascimento,numero_de_resenhas,altura,peso,time) VALUES (177,'George Owen Marsh','1998-11-05','Pembury',0,180,68,47);
INSERT INTO jogador(id,nome,data_de_nascimento,local_de_nascimento,numero_de_resenhas,altura,peso,time) VALUES (618,'Danilo','1991-07-15','Bicas',0,184,78,50);
INSERT INTO jogador(id,nome,data_de_nascimento,local_de_nascimento,numero_de_resenhas,altura,peso,time) VALUES (884,'S. Romero','1987-02-22','Bernardo de Irigoyen',0,192,87,33);
INSERT INTO jogador(id,nome,data_de_nascimento,local_de_nascimento,numero_de_resenhas,altura,peso,time) VALUES (887,'M. Darmian','1989-12-02','Legnano',0,182,70,33);
INSERT INTO jogador(id,nome,data_de_nascimento,local_de_nascimento,numero_de_resenhas,altura,peso,time) VALUES (910,'A. Sánchez','1988-12-19','Tocopilla',0,169,62,33);
INSERT INTO jogador(id,nome,data_de_nascimento,local_de_nascimento,numero_de_resenhas,altura,peso,time) VALUES (2295,'O. Giroud','1986-09-30','Chambéry',0,192,93,49);
INSERT INTO jogador(id,nome,data_de_nascimento,local_de_nascimento,numero_de_resenhas,altura,peso,time) VALUES (2475,'R. Pereyra','1991-01-07','San Miguel de Tucumán',0,182,77,38);
INSERT INTO jogador(id,nome,data_de_nascimento,local_de_nascimento,numero_de_resenhas,altura,peso,time) VALUES (2777,'I. Success','1996-01-07','Benin City',0,186,86,38);
INSERT INTO jogador(id,nome,data_de_nascimento,local_de_nascimento,numero_de_resenhas,altura,peso,time) VALUES (18743,'Cameron Bradley John','1999-08-24','Romford',0,181,78,39);
INSERT INTO jogador(id,nome,data_de_nascimento,local_de_nascimento,numero_de_resenhas,altura,peso,time) VALUES (18754,'Mateusz Tomasz Hewelt','1996-09-23','Gdynia',0,186,78,45);
INSERT INTO jogador(id,nome,data_de_nascimento,local_de_nascimento,numero_de_resenhas,altura,peso,time) VALUES (18820,'Conor Coventry','2000-03-25','London',0,177,65,48);
INSERT INTO jogador(id,nome,data_de_nascimento,local_de_nascimento,numero_de_resenhas,altura,peso,time) VALUES (18857,'Connor Neil Ralph Wickham','1993-03-31','Hereford',0,191,90,52);
INSERT INTO jogador(id,nome,data_de_nascimento,local_de_nascimento,numero_de_resenhas,altura,peso,time) VALUES (18882,'L. Mousset','1996-02-08','Le Havre',0,184,80,35);
INSERT INTO jogador(id,nome,data_de_nascimento,local_de_nascimento,numero_de_resenhas,altura,peso,time) VALUES (18919,'Stephen Robert Ward','1985-08-20','Dublin',0,184,82,44);
INSERT INTO jogador(id,nome,data_de_nascimento,local_de_nascimento,numero_de_resenhas,altura,peso,time) VALUES (19021,'H. Nordtveit','1990-06-21','Vats',0,188,83,36);
INSERT INTO jogador(id,nome,data_de_nascimento,local_de_nascimento,numero_de_resenhas,altura,peso,time) VALUES (19037,'Joel Coleman','1995-09-26','Bolton',0,198,82,37);
INSERT INTO jogador(id,nome,data_de_nascimento,local_de_nascimento,numero_de_resenhas,altura,peso,time) VALUES (19053,'A. Sabiri','1996-11-28','Goulmima',0,186,80,37);
INSERT INTO jogador(id,nome,data_de_nascimento,local_de_nascimento,numero_de_resenhas,altura,peso,time) VALUES (19058,'Elias Kachunga','1992-04-22','Köln',0,178,74,37);
INSERT INTO jogador(id,nome,data_de_nascimento,local_de_nascimento,numero_de_resenhas,altura,peso,time) VALUES (19513,'Samuel Michael Vokes','1989-10-21','Southampton',0,186,90,44);
INSERT INTO jogador(id,nome,data_de_nascimento,local_de_nascimento,numero_de_resenhas,altura,peso,time) VALUES (19728,'Matthew Pennington','1994-10-06','Warrington',0,185,77,45);
INSERT INTO jogador(id,nome,data_de_nascimento,local_de_nascimento,numero_de_resenhas,altura,peso,time) VALUES (1347,'V. Moses','1990-12-12','Kaduna',0,177,79,49);
INSERT INTO jogador(id,nome,data_de_nascimento,local_de_nascimento,numero_de_resenhas,altura,peso,time) VALUES (1758,'Jermain Colin Defoe','1982-10-07','London',0,171,65,35);
INSERT INTO jogador(id,nome,data_de_nascimento,local_de_nascimento,numero_de_resenhas,altura,peso,time) VALUES (2299,'Pedro','1987-07-28','Santa Cruz de Tenerife',0,169,65,49);
INSERT INTO jogador(id,nome,data_de_nascimento,local_de_nascimento,numero_de_resenhas,altura,peso,time) VALUES (2412,'Felipe Anderson','1993-04-15','Brasília',0,175,70,48);
INSERT INTO jogador(id,nome,data_de_nascimento,local_de_nascimento,numero_de_resenhas,altura,peso,time) VALUES (3423,'Christian  Atsu Twasam','1992-01-10','Ada Foah',0,165,65,34);
INSERT INTO jogador(id,nome,data_de_nascimento,local_de_nascimento,numero_de_resenhas,altura,peso,time) VALUES (17711,'Abd-Al-Ali Morakinyo Olaposi  Koiki','1999-08-22','London',0,187,81,44);
INSERT INTO jogador(id,nome,data_de_nascimento,local_de_nascimento,numero_de_resenhas,altura,peso,time) VALUES (18756,'M. Stekelenburg','1982-09-22','Haarlem',0,197,92,45);
INSERT INTO jogador(id,nome,data_de_nascimento,local_de_nascimento,numero_de_resenhas,altura,peso,time) VALUES (18796,'D. Janmaat','1989-07-22','Leidschendam',0,185,80,38);
INSERT INTO jogador(id,nome,data_de_nascimento,local_de_nascimento,numero_de_resenhas,altura,peso,time) VALUES (18822,'Nathan Elliot Holland','1998-06-19','Manchester',0,178,70,48);
INSERT INTO jogador(id,nome,data_de_nascimento,local_de_nascimento,numero_de_resenhas,altura,peso,time) VALUES (18868,'J. Simpson','1996-12-18','Weymouth',0,190,83,35);
INSERT INTO jogador(id,nome,data_de_nascimento,local_de_nascimento,numero_de_resenhas,altura,peso,time) VALUES (18877,'N. Ofoborh','1999-11-07','Southwark',0,175,null,35);
INSERT INTO jogador(id,nome,data_de_nascimento,local_de_nascimento,numero_de_resenhas,altura,peso,time) VALUES (18880,'Kyle Frazer Taylor','1999-08-28','Richterswil',0,167,null,35);
INSERT INTO jogador(id,nome,data_de_nascimento,local_de_nascimento,numero_de_resenhas,altura,peso,time) VALUES (18890,'Antonio Barreca','1995-03-18','Torino',0,183,70,34);
INSERT INTO jogador(id,nome,data_de_nascimento,local_de_nascimento,numero_de_resenhas,altura,peso,time) VALUES (18937,'Tyreke Martin Johnson','1998-11-03','Swindon',0,185,79,41);
INSERT INTO jogador(id,nome,data_de_nascimento,local_de_nascimento,numero_de_resenhas,altura,peso,time) VALUES (19008,'Nathaniel Mendez-Laing','1992-04-15','Birmingham',0,178,75,43);
INSERT INTO jogador(id,nome,data_de_nascimento,local_de_nascimento,numero_de_resenhas,altura,peso,time) VALUES (19018,'T. Fosu-Mensah','1998-01-02','Amsterdam',0,185,80,36);
INSERT INTO jogador(id,nome,data_de_nascimento,local_de_nascimento,numero_de_resenhas,altura,peso,time) VALUES (19040,'E. Durm','1992-05-12','Pirmasens',0,182,70,37);
INSERT INTO jogador(id,nome,data_de_nascimento,local_de_nascimento,numero_de_resenhas,altura,peso,time) VALUES (19051,'Alex David Pritchard','1993-05-03','Orsett',0,171,62,37);
INSERT INTO jogador(id,nome,data_de_nascimento,local_de_nascimento,numero_de_resenhas,altura,peso,time) VALUES (30462,'M. Gabbiadini','1991-11-26','Calcinate',0,181,75,41);
INSERT INTO jogador(id,nome,data_de_nascimento,local_de_nascimento,numero_de_resenhas,altura,peso,time) VALUES (68124,'Nikola Tavares','1999-01-17','Cape Town',0,188,null,52);
INSERT INTO jogador(id,nome,data_de_nascimento,local_de_nascimento,numero_de_resenhas,altura,peso,time) VALUES (113,'G. Nkoudou','1995-02-13','Versailles',0,172,75,47);
INSERT INTO jogador(id,nome,data_de_nascimento,local_de_nascimento,numero_de_resenhas,altura,peso,time) VALUES (287,'D. Lovren','1989-07-05','Zenica',0,188,84,40);
INSERT INTO jogador(id,nome,data_de_nascimento,local_de_nascimento,numero_de_resenhas,altura,peso,time) VALUES (298,'Rafael Camacho','2000-05-22','Lisboa',0,175,65,40);
INSERT INTO jogador(id,nome,data_de_nascimento,local_de_nascimento,numero_de_resenhas,altura,peso,time) VALUES (2792,'Aron Einar Malmquist Gunnarsson','1989-04-22','Akureyri',0,177,95,43);
INSERT INTO jogador(id,nome,data_de_nascimento,local_de_nascimento,numero_de_resenhas,altura,peso,time) VALUES (2997,'Ł. Fabiański','1985-04-18','Kostrzyn nad Odrą',0,190,83,48);
INSERT INTO jogador(id,nome,data_de_nascimento,local_de_nascimento,numero_de_resenhas,altura,peso,time) VALUES (17585,'Callum Roberts','1997-04-14','South Shields',0,173,65,34);
INSERT INTO jogador(id,nome,data_de_nascimento,local_de_nascimento,numero_de_resenhas,altura,peso,time) VALUES (18745,'Rúben Vinagre','1999-04-09','Charneca de Caparica',0,174,67,39);
INSERT INTO jogador(id,nome,data_de_nascimento,local_de_nascimento,numero_de_resenhas,altura,peso,time) VALUES (18813,'A. Cresswell','1989-12-15','Liverpool',0,170,66,48);
INSERT INTO jogador(id,nome,data_de_nascimento,local_de_nascimento,numero_de_resenhas,altura,peso,time) VALUES (18814,'Issa Diop','1997-01-09','Toulouse',0,194,92,48);
INSERT INTO jogador(id,nome,data_de_nascimento,local_de_nascimento,numero_de_resenhas,altura,peso,time) VALUES (18815,'R. Fredericks','1992-10-10','London',0,181,74,48);
INSERT INTO jogador(id,nome,data_de_nascimento,local_de_nascimento,numero_de_resenhas,altura,peso,time) VALUES (18816,'A. Masuaku','1993-11-07','Lille',0,179,70,48);
INSERT INTO jogador(id,nome,data_de_nascimento,local_de_nascimento,numero_de_resenhas,altura,peso,time) VALUES (18817,'A. Ogbonna','1988-05-23','Cassino',0,191,86,48);
INSERT INTO jogador(id,nome,data_de_nascimento,local_de_nascimento,numero_de_resenhas,altura,peso,time) VALUES (18819,'M. Antonio','1990-03-28','London',0,180,82,48);
INSERT INTO jogador(id,nome,data_de_nascimento,local_de_nascimento,numero_de_resenhas,altura,peso,time) VALUES (18823,'B. Johnson','2000-01-24',null,0,175,67,48);
INSERT INTO jogador(id,nome,data_de_nascimento,local_de_nascimento,numero_de_resenhas,altura,peso,time) VALUES (18826,'M. Noble','1987-05-08','Canning Town',0,180,70,48);
INSERT INTO jogador(id,nome,data_de_nascimento,local_de_nascimento,numero_de_resenhas,altura,peso,time) VALUES (18838,'Joe Daniel Tupper','1997-11-15',null,0,null,null,52);
INSERT INTO jogador(id,nome,data_de_nascimento,local_de_nascimento,numero_de_resenhas,altura,peso,time) VALUES (18848,'Sam John Woods','1998-09-11','Bromley',0,185,76,52);
INSERT INTO jogador(id,nome,data_de_nascimento,local_de_nascimento,numero_de_resenhas,altura,peso,time) VALUES (18996,'Harry Nicholas Arter','1989-12-28','Sidcup',0,176,70,43);
INSERT INTO jogador(id,nome,data_de_nascimento,local_de_nascimento,numero_de_resenhas,altura,peso,time) VALUES (19514,'Lee Camp','1984-08-22','Derby',0,183,75,43);
INSERT INTO jogador(id,nome,data_de_nascimento,local_de_nascimento,numero_de_resenhas,altura,peso,time) VALUES (30816,'S. Okaka','1989-08-09','Castiglione del Lago',0,186,82,38);
INSERT INTO jogador(id,nome,data_de_nascimento,local_de_nascimento,numero_de_resenhas,altura,peso,time) VALUES (308,'D. Sturridge','1989-09-01','Birmingham',0,188,76,40);
INSERT INTO jogador(id,nome,data_de_nascimento,local_de_nascimento,numero_de_resenhas,altura,peso,time) VALUES (614,'C. Bravo','1983-04-13','Buin',0,184,80,50);
INSERT INTO jogador(id,nome,data_de_nascimento,local_de_nascimento,numero_de_resenhas,altura,peso,time) VALUES (634,'David Silva','1986-01-08','Arguineguín',0,173,67,50);
INSERT INTO jogador(id,nome,data_de_nascimento,local_de_nascimento,numero_de_resenhas,altura,peso,time) VALUES (1439,'Bellerín','1995-03-19','Barcelona',0,178,74,42);
INSERT INTO jogador(id,nome,data_de_nascimento,local_de_nascimento,numero_de_resenhas,altura,peso,time) VALUES (1447,'Nacho Monreal','1986-02-26','Pamplona',0,179,72,42);
INSERT INTO jogador(id,nome,data_de_nascimento,local_de_nascimento,numero_de_resenhas,altura,peso,time) VALUES (18753,'Adama Traoré','1996-01-25','LHospitalet de Llobregat',0,178,86,39);
INSERT INTO jogador(id,nome,data_de_nascimento,local_de_nascimento,numero_de_resenhas,altura,peso,time) VALUES (18798,'A. Mariappa','1986-10-03','London',0,180,78,38);
INSERT INTO jogador(id,nome,data_de_nascimento,local_de_nascimento,numero_de_resenhas,altura,peso,time) VALUES (18833,'Lucas Pérez','1988-09-10','A Coruña',0,180,82,48);
INSERT INTO jogador(id,nome,data_de_nascimento,local_de_nascimento,numero_de_resenhas,altura,peso,time) VALUES (18845,'P. van Aanholt','1990-08-29','s-Hertogenbosch',0,176,74,52);
INSERT INTO jogador(id,nome,data_de_nascimento,local_de_nascimento,numero_de_resenhas,altura,peso,time) VALUES (18867,'Diego Rico','1993-02-23','Burgos',0,183,76,35);
INSERT INTO jogador(id,nome,data_de_nascimento,local_de_nascimento,numero_de_resenhas,altura,peso,time) VALUES (18876,'Jordon  Ibe','1995-12-08','London',0,176,81,35);
INSERT INTO jogador(id,nome,data_de_nascimento,local_de_nascimento,numero_de_resenhas,altura,peso,time) VALUES (18965,'Martín Montoya','1991-04-14','Barcelona',0,175,73,51);
INSERT INTO jogador(id,nome,data_de_nascimento,local_de_nascimento,numero_de_resenhas,altura,peso,time) VALUES (18978,'F. Andone','1993-04-11','Botoșani',0,180,78,51);
INSERT INTO jogador(id,nome,data_de_nascimento,local_de_nascimento,numero_de_resenhas,altura,peso,time) VALUES (18998,'Camarasa','1994-05-28','Meliana',0,183,76,43);
INSERT INTO jogador(id,nome,data_de_nascimento,local_de_nascimento,numero_de_resenhas,altura,peso,time) VALUES (19000,'Kadeem Raymond Mathurin-Harris','1993-06-08','London',0,175,67,43);
INSERT INTO jogador(id,nome,data_de_nascimento,local_de_nascimento,numero_de_resenhas,altura,peso,time) VALUES (19014,'Sergio Rico','1993-09-01','Sevilla',0,194,90,36);
INSERT INTO jogador(id,nome,data_de_nascimento,local_de_nascimento,numero_de_resenhas,altura,peso,time) VALUES (19019,'M. Le Marchand','1989-10-11','Saint-Malo',0,181,68,36);
INSERT INTO jogador(id,nome,data_de_nascimento,local_de_nascimento,numero_de_resenhas,altura,peso,time) VALUES (19034,'R. Babel','1986-12-19','Amsterdam',0,185,79,36);
INSERT INTO jogador(id,nome,data_de_nascimento,local_de_nascimento,numero_de_resenhas,altura,peso,time) VALUES (19042,'F. Hadërgjonaj','1994-07-31','Langnau',0,182,73,37);
INSERT INTO jogador(id,nome,data_de_nascimento,local_de_nascimento,numero_de_resenhas,altura,peso,time) VALUES (50101,'F. Diabaté','1995-10-18','Aubervilliers',0,175,60,46);
INSERT INTO jogador(id,nome,data_de_nascimento,local_de_nascimento,numero_de_resenhas,altura,peso,time) VALUES (108,'Fàbregas','1987-05-04','Vilassar de Mar',0,180,77,49);
INSERT INTO jogador(id,nome,data_de_nascimento,local_de_nascimento,numero_de_resenhas,altura,peso,time) VALUES (176,'E. Lamela','1992-03-04','Florida',0,181,79,47);
INSERT INTO jogador(id,nome,data_de_nascimento,local_de_nascimento,numero_de_resenhas,altura,peso,time) VALUES (288,'Alberto Moreno','1992-07-05','Sevilla',0,171,65,40);
INSERT INTO jogador(id,nome,data_de_nascimento,local_de_nascimento,numero_de_resenhas,altura,peso,time) VALUES (300,'G. Wijnaldum','1990-11-11','Rotterdam',0,175,69,40);
INSERT INTO jogador(id,nome,data_de_nascimento,local_de_nascimento,numero_de_resenhas,altura,peso,time) VALUES (896,'A. Gomes','2000-08-31','London',0,168,56,33);
INSERT INTO jogador(id,nome,data_de_nascimento,local_de_nascimento,numero_de_resenhas,altura,peso,time) VALUES (898,'Ander Herrera','1989-08-14','Bilbao',0,182,71,33);
INSERT INTO jogador(id,nome,data_de_nascimento,local_de_nascimento,numero_de_resenhas,altura,peso,time) VALUES (908,'A. Martial','1995-12-05','Massy',0,181,76,33);
INSERT INTO jogador(id,nome,data_de_nascimento,local_de_nascimento,numero_de_resenhas,altura,peso,time) VALUES (1461,'Denis Suárez','1994-01-06','Salceda de Caselas',0,176,69,42);
INSERT INTO jogador(id,nome,data_de_nascimento,local_de_nascimento,numero_de_resenhas,altura,peso,time) VALUES (1465,'P. Aubameyang','1989-06-18','Laval',0,187,80,42);
INSERT INTO jogador(id,nome,data_de_nascimento,local_de_nascimento,numero_de_resenhas,altura,peso,time) VALUES (1699,'Iborra','1988-01-16','Moncada',0,190,80,46);
INSERT INTO jogador(id,nome,data_de_nascimento,local_de_nascimento,numero_de_resenhas,altura,peso,time) VALUES (2284,'Emerson','1994-08-03','Santos',0,176,63,49);
INSERT INTO jogador(id,nome,data_de_nascimento,local_de_nascimento,numero_de_resenhas,altura,peso,time) VALUES (18764,'M. Schneiderlin','1989-11-08','Zellwiller',0,181,75,45);
INSERT INTO jogador(id,nome,data_de_nascimento,local_de_nascimento,numero_de_resenhas,altura,peso,time) VALUES (18802,'E. Capoue','1988-07-11','Niort',0,189,80,38);
INSERT INTO jogador(id,nome,data_de_nascimento,local_de_nascimento,numero_de_resenhas,altura,peso,time) VALUES (18842,'M. Sakho','1990-02-13','Paris',0,187,83,52);
INSERT INTO jogador(id,nome,data_de_nascimento,local_de_nascimento,numero_de_resenhas,altura,peso,time) VALUES (18856,'B. Sako','1988-04-26','Ivry-sur-Seine',0,183,85,52);
INSERT INTO jogador(id,nome,data_de_nascimento,local_de_nascimento,numero_de_resenhas,altura,peso,time) VALUES (18895,'F. Lejeune','1991-05-20','Paris',0,189,89,34);
INSERT INTO jogador(id,nome,data_de_nascimento,local_de_nascimento,numero_de_resenhas,altura,peso,time) VALUES (18907,'Joselu','1990-03-27','Stuttgart',0,192,80,34);
INSERT INTO jogador(id,nome,data_de_nascimento,local_de_nascimento,numero_de_resenhas,altura,peso,time) VALUES (19006,'R. Evitt-Healey','1994-12-06','Manchester',0,180,72,43);
INSERT INTO jogador(id,nome,data_de_nascimento,local_de_nascimento,numero_de_resenhas,altura,peso,time) VALUES (19057,'A. Diakhaby','1996-07-05','Ajaccio',0,184,65,37);
INSERT INTO jogador(id,nome,data_de_nascimento,local_de_nascimento,numero_de_resenhas,altura,peso,time) VALUES (47324,'Sandro Ramírez','1995-07-09','Las Palmas de Gran Canaria',0,175,71,45);
INSERT INTO jogador(id,nome,data_de_nascimento,local_de_nascimento,numero_de_resenhas,altura,peso,time) VALUES (161,'A. Whiteman','1998-10-02',null,0,189,84,47);
INSERT INTO jogador(id,nome,data_de_nascimento,local_de_nascimento,numero_de_resenhas,altura,peso,time) VALUES (178,'Lucas Moura','1992-08-13','São Paulo',0,172,72,47);
INSERT INTO jogador(id,nome,data_de_nascimento,local_de_nascimento,numero_de_resenhas,altura,peso,time) VALUES (180,'O. Skipp','2000-09-16',null,0,175,70,47);
INSERT INTO jogador(id,nome,data_de_nascimento,local_de_nascimento,numero_de_resenhas,altura,peso,time) VALUES (182,'H. Winks','1996-02-02','Hemel Hempstead',0,178,65,47);
INSERT INTO jogador(id,nome,data_de_nascimento,local_de_nascimento,numero_de_resenhas,altura,peso,time) VALUES (625,'Philippe Sandler','1997-02-10','Amsterdam',0,188,76,50);
INSERT INTO jogador(id,nome,data_de_nascimento,local_de_nascimento,numero_de_resenhas,altura,peso,time) VALUES (727,'Reiss Luke Nelson','1999-12-10',null,0,175,71,42);
INSERT INTO jogador(id,nome,data_de_nascimento,local_de_nascimento,numero_de_resenhas,altura,peso,time) VALUES (892,'C. Smalling','1989-11-22','Greenwich',0,194,81,33);
INSERT INTO jogador(id,nome,data_de_nascimento,local_de_nascimento,numero_de_resenhas,altura,peso,time) VALUES (1441,'C. Jenkinson','1992-02-08','Harlow',0,185,77,42);
INSERT INTO jogador(id,nome,data_de_nascimento,local_de_nascimento,numero_de_resenhas,altura,peso,time) VALUES (1448,'S. Mustafi','1992-04-17','Bad Hersfeld',0,184,82,42);
INSERT INTO jogador(id,nome,data_de_nascimento,local_de_nascimento,numero_de_resenhas,altura,peso,time) VALUES (1456,'A. Maitland-Niles','1997-08-29','London',0,177,71,42);
INSERT INTO jogador(id,nome,data_de_nascimento,local_de_nascimento,numero_de_resenhas,altura,peso,time) VALUES (1457,'H. Mkhitaryan','1989-01-21','Yerevan',0,177,75,42);
INSERT INTO jogador(id,nome,data_de_nascimento,local_de_nascimento,numero_de_resenhas,altura,peso,time) VALUES (18761,'Bernard  Anício Caldeira Duarte','1992-09-08','Belo Horizonte',0,164,62,45);
INSERT INTO jogador(id,nome,data_de_nascimento,local_de_nascimento,numero_de_resenhas,altura,peso,time) VALUES (18777,'M. Albrighton','1989-11-18','Tamworth',0,175,74,46);
INSERT INTO jogador(id,nome,data_de_nascimento,local_de_nascimento,numero_de_resenhas,altura,peso,time) VALUES (18784,'J. Maddison','1996-11-23','Coventry',0,175,73,46);
INSERT INTO jogador(id,nome,data_de_nascimento,local_de_nascimento,numero_de_resenhas,altura,peso,time) VALUES (18859,'A. Boruc','1980-02-20','Siedlce',0,193,87,35);
INSERT INTO jogador(id,nome,data_de_nascimento,local_de_nascimento,numero_de_resenhas,altura,peso,time) VALUES (18936,'R. Bertrand','1989-08-05','Southwark',0,179,85,41);
INSERT INTO jogador(id,nome,data_de_nascimento,local_de_nascimento,numero_de_resenhas,altura,peso,time) VALUES (18999,'Loïc Damour','1991-01-08','Chantilly',0,181,75,43);
INSERT INTO jogador(id,nome,data_de_nascimento,local_de_nascimento,numero_de_resenhas,altura,peso,time) VALUES (19032,'R. Sessegnon','2000-05-18','London',0,178,70,36);
INSERT INTO jogador(id,nome,data_de_nascimento,local_de_nascimento,numero_de_resenhas,altura,peso,time) VALUES (19056,'L. Depoitre','1988-12-07','Tournai',0,191,91,37);
INSERT INTO jogador(id,nome,data_de_nascimento,local_de_nascimento,numero_de_resenhas,altura,peso,time) VALUES (19307,'Léo Bonatini','1994-03-28','Belo Horizonte',0,185,80,39);
INSERT INTO jogador(id,nome,data_de_nascimento,local_de_nascimento,numero_de_resenhas,altura,peso,time) VALUES (306,'Mohamed Salah','1992-06-15','Muḥāfaẓat al Gharbiyya',0,175,71,40);
INSERT INTO jogador(id,nome,data_de_nascimento,local_de_nascimento,numero_de_resenhas,altura,peso,time) VALUES (1452,'Mohamed Elneny','1992-07-11','El-Mahalla El-Kubra',0,180,70,42);
INSERT INTO jogador(id,nome,data_de_nascimento,local_de_nascimento,numero_de_resenhas,altura,peso,time) VALUES (1458,'M. Özil','1988-10-15','Gelsenkirchen',0,180,76,42);
INSERT INTO jogador(id,nome,data_de_nascimento,local_de_nascimento,numero_de_resenhas,altura,peso,time) VALUES (2778,'K. Ịheanachọ','1996-10-03','Owerri',0,185,82,46);
INSERT INTO jogador(id,nome,data_de_nascimento,local_de_nascimento,numero_de_resenhas,altura,peso,time) VALUES (3406,'A. Zambo Anguissa','1995-11-16','Yaoundé',0,184,78,36);
INSERT INTO jogador(id,nome,data_de_nascimento,local_de_nascimento,numero_de_resenhas,altura,peso,time) VALUES (3421,'Daniel Amartey','1994-12-21','Accra',0,186,79,46);
INSERT INTO jogador(id,nome,data_de_nascimento,local_de_nascimento,numero_de_resenhas,altura,peso,time) VALUES (3428,'J. Ayew','1991-09-11','Marseille',0,182,80,52);
INSERT INTO jogador(id,nome,data_de_nascimento,local_de_nascimento,numero_de_resenhas,altura,peso,time) VALUES (18763,'J. McCarthy','1990-11-12','Glasgow',0,180,72,45);
INSERT INTO jogador(id,nome,data_de_nascimento,local_de_nascimento,numero_de_resenhas,altura,peso,time) VALUES (18778,'H. Barnes','1997-12-09','Burnley',0,174,66,46);
INSERT INTO jogador(id,nome,data_de_nascimento,local_de_nascimento,numero_de_resenhas,altura,peso,time) VALUES (18779,'H. Choudhury','1997-10-01',null,0,178,64,46);
INSERT INTO jogador(id,nome,data_de_nascimento,local_de_nascimento,numero_de_resenhas,altura,peso,time) VALUES (18786,'W. Ndidi','1996-12-16','Lagos',0,183,74,46);
INSERT INTO jogador(id,nome,data_de_nascimento,local_de_nascimento,numero_de_resenhas,altura,peso,time) VALUES (18788,'J. Vardy','1987-01-11','Sheffield',0,179,74,46);
INSERT INTO jogador(id,nome,data_de_nascimento,local_de_nascimento,numero_de_resenhas,altura,peso,time) VALUES (18829,'Jack Wilshere','1992-01-01','Stevenage',0,172,68,48);
INSERT INTO jogador(id,nome,data_de_nascimento,local_de_nascimento,numero_de_resenhas,altura,peso,time) VALUES (18851,'Maximilian Meyer','1995-09-18','Oberhausen',0,173,67,52);
INSERT INTO jogador(id,nome,data_de_nascimento,local_de_nascimento,numero_de_resenhas,altura,peso,time) VALUES (18906,'Ayoze Pérez','1993-07-29','Santa Cruz de Tenerife',0,178,72,34);
INSERT INTO jogador(id,nome,data_de_nascimento,local_de_nascimento,numero_de_resenhas,altura,peso,time) VALUES (18908,'J. Hart','1987-04-19','Shrewsbury',0,196,91,44);
INSERT INTO jogador(id,nome,data_de_nascimento,local_de_nascimento,numero_de_resenhas,altura,peso,time) VALUES (18984,'Brian Edward Murphy','1983-05-07','Waterford',0,185,83,43);
INSERT INTO jogador(id,nome,data_de_nascimento,local_de_nascimento,numero_de_resenhas,altura,peso,time) VALUES (19022,'D. Odoi','1988-05-27','Leuven',0,178,67,36);
INSERT INTO jogador(id,nome,data_de_nascimento,local_de_nascimento,numero_de_resenhas,altura,peso,time) VALUES (25454,'M. Suttner','1987-04-16','Hollabrunn',0,179,73,51);
INSERT INTO jogador(id,nome,data_de_nascimento,local_de_nascimento,numero_de_resenhas,altura,peso,time) VALUES (47430,'W. Hoedt','1994-03-06','Alkmaar',0,188,77,41);
INSERT INTO jogador(id,nome,data_de_nascimento,local_de_nascimento,numero_de_resenhas,altura,peso,time) VALUES (185,'Llorente','1985-02-26','Pamplona',0,193,90,47);
INSERT INTO jogador(id,nome,data_de_nascimento,local_de_nascimento,numero_de_resenhas,altura,peso,time) VALUES (886,'José Diogo Dalot Teixeira','1999-03-18','Braga',0,183,76,33);
INSERT INTO jogador(id,nome,data_de_nascimento,local_de_nascimento,numero_de_resenhas,altura,peso,time) VALUES (904,'P. Pogba','1993-03-15','Lagny-sur-Marne',0,191,84,33);
INSERT INTO jogador(id,nome,data_de_nascimento,local_de_nascimento,numero_de_resenhas,altura,peso,time) VALUES (1450,'Sokratis Papastathopoulos','1988-06-09','Kalamata',0,186,85,42);
INSERT INTO jogador(id,nome,data_de_nascimento,local_de_nascimento,numero_de_resenhas,altura,peso,time) VALUES (2473,'M. Lanzini','1993-02-15','Ituzaingó',0,167,59,48);
INSERT INTO jogador(id,nome,data_de_nascimento,local_de_nascimento,numero_de_resenhas,altura,peso,time) VALUES (2674,'Rui Patrício','1988-02-15','Marrazes',0,190,84,39);
INSERT INTO jogador(id,nome,data_de_nascimento,local_de_nascimento,numero_de_resenhas,altura,peso,time) VALUES (2676,'Rúben Neves','1997-03-13','Santa Maria da Feira',0,180,80,39);
INSERT INTO jogador(id,nome,data_de_nascimento,local_de_nascimento,numero_de_resenhas,altura,peso,time) VALUES (2677,'João Moutinho','1986-09-08','Portimão',0,170,61,39);
INSERT INTO jogador(id,nome,data_de_nascimento,local_de_nascimento,numero_de_resenhas,altura,peso,time) VALUES (2678,'Diogo José Teixeira da Silva','1996-12-04','Massarelos',0,178,68,39);
INSERT INTO jogador(id,nome,data_de_nascimento,local_de_nascimento,numero_de_resenhas,altura,peso,time) VALUES (2726,'K. Zouma','1994-10-27','Lyon',0,190,96,45);
INSERT INTO jogador(id,nome,data_de_nascimento,local_de_nascimento,numero_de_resenhas,altura,peso,time) VALUES (12753,'M. Fellaini','1987-11-22','Etterbeek',0,194,85,33);
INSERT INTO jogador(id,nome,data_de_nascimento,local_de_nascimento,numero_de_resenhas,altura,peso,time) VALUES (18787,'S. Okazaki','1986-04-16','Hyōgo',0,174,70,46);
INSERT INTO jogador(id,nome,data_de_nascimento,local_de_nascimento,numero_de_resenhas,altura,peso,time) VALUES (18898,'M. Diamé','1987-06-14','Créteil',0,184,86,34);
INSERT INTO jogador(id,nome,data_de_nascimento,local_de_nascimento,numero_de_resenhas,altura,peso,time) VALUES (18905,'Y. Muto','1992-07-15','Tokyo',0,179,72,34);
INSERT INTO jogador(id,nome,data_de_nascimento,local_de_nascimento,numero_de_resenhas,altura,peso,time) VALUES (18947,'M. Lemina','1993-09-01','Libreville',0,184,85,41);
INSERT INTO jogador(id,nome,data_de_nascimento,local_de_nascimento,numero_de_resenhas,altura,peso,time) VALUES (18997,'L. Bacuna','1991-08-21','Groningen',0,187,77,43);
INSERT INTO jogador(id,nome,data_de_nascimento,local_de_nascimento,numero_de_resenhas,altura,peso,time) VALUES (19036,'Luciano Darío Vietto','1993-12-05','Balnearía',0,174,69,36);
INSERT INTO jogador(id,nome,data_de_nascimento,local_de_nascimento,numero_de_resenhas,altura,peso,time) VALUES (19047,'J. Bacuna','1997-08-07','Groningen',0,178,74,37);
INSERT INTO jogador(id,nome,data_de_nascimento,local_de_nascimento,numero_de_resenhas,altura,peso,time) VALUES (19246,'Rajiv van La Parra','1991-06-04','Rotterdam',0,181,72,37);
INSERT INTO jogador(id,nome,data_de_nascimento,local_de_nascimento,numero_de_resenhas,altura,peso,time) VALUES (19917,'Kazaiah Roy Barrett Sterling','1998-11-09','London',0,175,71,47);
INSERT INTO jogador(id,nome,data_de_nascimento,local_de_nascimento,numero_de_resenhas,altura,peso,time) VALUES (175,'E. Dier','1994-01-15','Cheltenham',0,188,88,47);
INSERT INTO jogador(id,nome,data_de_nascimento,local_de_nascimento,numero_de_resenhas,altura,peso,time) VALUES (636,'Bernardo Silva','1994-08-10','Lisboa',0,173,64,50);
INSERT INTO jogador(id,nome,data_de_nascimento,local_de_nascimento,numero_de_resenhas,altura,peso,time) VALUES (641,'O. Zinchenko','1996-12-15','Radomyshl',0,175,64,50);
INSERT INTO jogador(id,nome,data_de_nascimento,local_de_nascimento,numero_de_resenhas,altura,peso,time) VALUES (1438,'B. Leno','1992-03-04','Bietigheim-Bissingen',0,190,83,42);
INSERT INTO jogador(id,nome,data_de_nascimento,local_de_nascimento,numero_de_resenhas,altura,peso,time) VALUES (2273,'Kepa','1994-10-03','Ondárroa',0,189,84,49);
INSERT INTO jogador(id,nome,data_de_nascimento,local_de_nascimento,numero_de_resenhas,altura,peso,time) VALUES (2286,'D. Zappacosta','1992-06-11','Sora',0,185,70,49);
INSERT INTO jogador(id,nome,data_de_nascimento,local_de_nascimento,numero_de_resenhas,altura,peso,time) VALUES (2934,'M. Keane','1993-01-11','Stockport',0,191,82,45);
INSERT INTO jogador(id,nome,data_de_nascimento,local_de_nascimento,numero_de_resenhas,altura,peso,time) VALUES (12709,'Jiang Guangtai','1994-05-27','Liverpool',0,181,76,45);
INSERT INTO jogador(id,nome,data_de_nascimento,local_de_nascimento,numero_de_resenhas,altura,peso,time) VALUES (18742,'M. Doherty','1992-01-16','Dublin',0,183,90,39);
INSERT INTO jogador(id,nome,data_de_nascimento,local_de_nascimento,numero_de_resenhas,altura,peso,time) VALUES (18751,'Ivan Cavaleiro','1993-10-18','Vila Franca de Xira',0,175,72,39);
INSERT INTO jogador(id,nome,data_de_nascimento,local_de_nascimento,numero_de_resenhas,altura,peso,time) VALUES (18752,'Hélder Costa','1994-01-12','Luanda',0,178,69,39);
INSERT INTO jogador(id,nome,data_de_nascimento,local_de_nascimento,numero_de_resenhas,altura,peso,time) VALUES (18765,'André Gomes','1993-07-30','Grijó',0,188,84,45);
INSERT INTO jogador(id,nome,data_de_nascimento,local_de_nascimento,numero_de_resenhas,altura,peso,time) VALUES (18771,'Ricardo Pereira','1993-10-06','Lisbonne',0,175,70,46);
INSERT INTO jogador(id,nome,data_de_nascimento,local_de_nascimento,numero_de_resenhas,altura,peso,time) VALUES (18803,'N. Chalobah','1994-12-12','Freetown',0,187,80,38);
INSERT INTO jogador(id,nome,data_de_nascimento,local_de_nascimento,numero_de_resenhas,altura,peso,time) VALUES (18809,'Deulofeu','1994-03-13','Riudarenes',0,177,73,38);
INSERT INTO jogador(id,nome,data_de_nascimento,local_de_nascimento,numero_de_resenhas,altura,peso,time) VALUES (18824,'Pedro Obiang','1992-03-27','Alcalà de Henares',0,185,75,48);
INSERT INTO jogador(id,nome,data_de_nascimento,local_de_nascimento,numero_de_resenhas,altura,peso,time) VALUES (18834,'A. Yarmolenko','1989-10-23','Sankt-Peterburg',0,189,81,48);
INSERT INTO jogador(id,nome,data_de_nascimento,local_de_nascimento,numero_de_resenhas,altura,peso,time) VALUES (18896,'Javi Manquillo','1994-05-05','Madrid',0,178,76,34);
INSERT INTO jogador(id,nome,data_de_nascimento,local_de_nascimento,numero_de_resenhas,altura,peso,time) VALUES (18914,'B. Gibson','1993-01-15','Nunthorpe',0,185,78,44);
INSERT INTO jogador(id,nome,data_de_nascimento,local_de_nascimento,numero_de_resenhas,altura,peso,time) VALUES (18973,'S. March','1994-07-20','Eastbourne',0,180,88,51);
INSERT INTO jogador(id,nome,data_de_nascimento,local_de_nascimento,numero_de_resenhas,altura,peso,time) VALUES (168,'Davinson Sánchez Mina','1996-06-12','Caloto',0,187,81,47);
INSERT INTO jogador(id,nome,data_de_nascimento,local_de_nascimento,numero_de_resenhas,altura,peso,time) VALUES (181,'V. Wanyama','1991-06-25','Nairobi',0,188,80,47);
INSERT INTO jogador(id,nome,data_de_nascimento,local_de_nascimento,numero_de_resenhas,altura,peso,time) VALUES (186,'Son Heung-Min','1992-07-08','Chuncheon',0,183,78,47);
INSERT INTO jogador(id,nome,data_de_nascimento,local_de_nascimento,numero_de_resenhas,altura,peso,time) VALUES (304,'S. Mané','1992-04-10','Sedhiou',0,175,69,40);
INSERT INTO jogador(id,nome,data_de_nascimento,local_de_nascimento,numero_de_resenhas,altura,peso,time) VALUES (305,'D. Origi','1995-04-18','Oostende',0,185,75,40);
INSERT INTO jogador(id,nome,data_de_nascimento,local_de_nascimento,numero_de_resenhas,altura,peso,time) VALUES (890,'M. Rojo','1990-03-20','La Plata',0,187,85,33);
INSERT INTO jogador(id,nome,data_de_nascimento,local_de_nascimento,numero_de_resenhas,altura,peso,time) VALUES (1635,'T. Bakayoko','1994-08-17','Paris',0,185,77,49);
INSERT INTO jogador(id,nome,data_de_nascimento,local_de_nascimento,numero_de_resenhas,altura,peso,time) VALUES (2990,'I. Gueye','1989-09-26','Dakar',0,174,66,45);
INSERT INTO jogador(id,nome,data_de_nascimento,local_de_nascimento,numero_de_resenhas,altura,peso,time) VALUES (2991,'C. Kouyaté','1989-12-21','Dakar',0,189,83,52);
INSERT INTO jogador(id,nome,data_de_nascimento,local_de_nascimento,numero_de_resenhas,altura,peso,time) VALUES (16821,'Ramadan Sobhi Ramadan Ahmed','1997-01-23','Cairo',0,189,75,37);
INSERT INTO jogador(id,nome,data_de_nascimento,local_de_nascimento,numero_de_resenhas,altura,peso,time) VALUES (18780,'R. Ghezzal','1992-05-09','Décines-Charpieu',0,182,70,46);
INSERT INTO jogador(id,nome,data_de_nascimento,local_de_nascimento,numero_de_resenhas,altura,peso,time) VALUES (18785,'N. Mendy','1992-06-23','La Seyne-sur-Mer',0,167,73,46);
INSERT INTO jogador(id,nome,data_de_nascimento,local_de_nascimento,numero_de_resenhas,altura,peso,time) VALUES (18873,'R. Fraser','1994-02-24','Aberdeen',0,163,70,35);
INSERT INTO jogador(id,nome,data_de_nascimento,local_de_nascimento,numero_de_resenhas,altura,peso,time) VALUES (18930,'M. Vydra','1992-05-01','Chotebor',0,180,71,44);
INSERT INTO jogador(id,nome,data_de_nascimento,local_de_nascimento,numero_de_resenhas,altura,peso,time) VALUES (18948,'N. Redmond','1994-03-06','Birmingham',0,173,69,41);
INSERT INTO jogador(id,nome,data_de_nascimento,local_de_nascimento,numero_de_resenhas,altura,peso,time) VALUES (18979,'V. Gyökeres','1998-06-04',null,0,187,86,51);
INSERT INTO jogador(id,nome,data_de_nascimento,local_de_nascimento,numero_de_resenhas,altura,peso,time) VALUES (18993,'Callum Thomas Owen Paterson','1994-10-13','London',0,183,76,43);
INSERT INTO jogador(id,nome,data_de_nascimento,local_de_nascimento,numero_de_resenhas,altura,peso,time) VALUES (19005,'K. Zohorè','1994-01-31','København',0,190,98,43);
INSERT INTO jogador(id,nome,data_de_nascimento,local_de_nascimento,numero_de_resenhas,altura,peso,time) VALUES (19007,'J. Hoilett','1990-06-05','Brampton',0,173,70,43);
INSERT INTO jogador(id,nome,data_de_nascimento,local_de_nascimento,numero_de_resenhas,altura,peso,time) VALUES (19028,'Lazar Marković','1994-03-02','Čačak',0,175,null,36);
INSERT INTO jogador(id,nome,data_de_nascimento,local_de_nascimento,numero_de_resenhas,altura,peso,time) VALUES (289,'Andrew Robertson','1994-03-11','Glasgow',0,178,64,40);
INSERT INTO jogador(id,nome,data_de_nascimento,local_de_nascimento,numero_de_resenhas,altura,peso,time) VALUES (294,'N. Keïta','1995-02-10','Conakry',0,172,64,40);
INSERT INTO jogador(id,nome,data_de_nascimento,local_de_nascimento,numero_de_resenhas,altura,peso,time) VALUES (903,'S. McTominay','1996-12-08','Lancaster',0,193,88,33);
INSERT INTO jogador(id,nome,data_de_nascimento,local_de_nascimento,numero_de_resenhas,altura,peso,time) VALUES (1442,'S. Kolašinac','1993-06-20','Karlsruhe',0,183,85,42);
INSERT INTO jogador(id,nome,data_de_nascimento,local_de_nascimento,numero_de_resenhas,altura,peso,time) VALUES (1445,'Konstantinos Mavropanos','1997-12-11','Athína',0,194,89,42);
INSERT INTO jogador(id,nome,data_de_nascimento,local_de_nascimento,numero_de_resenhas,altura,peso,time) VALUES (1749,'S. Davis','1985-01-01','Ballymena',0,173,70,41);
INSERT INTO jogador(id,nome,data_de_nascimento,local_de_nascimento,numero_de_resenhas,altura,peso,time) VALUES (2294,'Willian','1988-08-09','Ribeirão Pires',0,175,77,49);
INSERT INTO jogador(id,nome,data_de_nascimento,local_de_nascimento,numero_de_resenhas,altura,peso,time) VALUES (2297,'G. Higuaín','1987-12-10','Brest',0,186,89,49);
INSERT INTO jogador(id,nome,data_de_nascimento,local_de_nascimento,numero_de_resenhas,altura,peso,time) VALUES (2825,'A. Mitrović','1994-09-16','Smederevo',0,187,90,36);
INSERT INTO jogador(id,nome,data_de_nascimento,local_de_nascimento,numero_de_resenhas,altura,peso,time) VALUES (2999,'Jan Kacper Bednarek','1996-04-12','Słupca',0,189,77,41);
INSERT INTO jogador(id,nome,data_de_nascimento,local_de_nascimento,numero_de_resenhas,altura,peso,time) VALUES (3125,'I. Cissé','1994-02-28','Liège',0,184,77,36);
INSERT INTO jogador(id,nome,data_de_nascimento,local_de_nascimento,numero_de_resenhas,altura,peso,time) VALUES (8492,'A. Sørloth','1995-12-05','Trondheim',0,193,90,52);
INSERT INTO jogador(id,nome,data_de_nascimento,local_de_nascimento,numero_de_resenhas,altura,peso,time) VALUES (18772,'J. Evans','1988-01-03','Belfast',0,188,77,46);
INSERT INTO jogador(id,nome,data_de_nascimento,local_de_nascimento,numero_de_resenhas,altura,peso,time) VALUES (18773,'C. Fuchs','1986-04-07','Neunkirchen',0,187,89,46);
INSERT INTO jogador(id,nome,data_de_nascimento,local_de_nascimento,numero_de_resenhas,altura,peso,time) VALUES (18875,'E. Hyndman','1996-04-09','Dallas',0,170,61,35);
INSERT INTO jogador(id,nome,data_de_nascimento,local_de_nascimento,numero_de_resenhas,altura,peso,time) VALUES (18881,'J. King','1992-01-15','Oslo',0,180,74,35);
INSERT INTO jogador(id,nome,data_de_nascimento,local_de_nascimento,numero_de_resenhas,altura,peso,time) VALUES (18945,'S. Armstrong','1992-03-30','Inverness',0,183,75,41);
INSERT INTO jogador(id,nome,data_de_nascimento,local_de_nascimento,numero_de_resenhas,altura,peso,time) VALUES (18946,'M. Elyounoussi','1994-08-04','Al Hoceima',0,178,70,41);
INSERT INTO jogador(id,nome,data_de_nascimento,local_de_nascimento,numero_de_resenhas,altura,peso,time) VALUES (18967,'Leo Skiri Østigård','1999-11-28','Molde',0,182,81,51);
INSERT INTO jogador(id,nome,data_de_nascimento,local_de_nascimento,numero_de_resenhas,altura,peso,time) VALUES (51106,'B. Smith','1994-04-09','Penrith',0,178,70,35);
INSERT INTO jogador(id,nome,data_de_nascimento,local_de_nascimento,numero_de_resenhas,altura,peso,time) VALUES (159,'H. Lloris','1986-12-26','Nice',0,188,82,47);
INSERT INTO jogador(id,nome,data_de_nascimento,local_de_nascimento,numero_de_resenhas,altura,peso,time) VALUES (162,'Toby Albertine Maurits Alderweireld','1989-03-02','Wilrijk',0,186,81,47);
INSERT INTO jogador(id,nome,data_de_nascimento,local_de_nascimento,numero_de_resenhas,altura,peso,time) VALUES (163,'S. Aurier','1992-12-24','Ouragahio',0,176,76,47);
INSERT INTO jogador(id,nome,data_de_nascimento,local_de_nascimento,numero_de_resenhas,altura,peso,time) VALUES (282,'S. Mignolet','1988-03-06','Sint-Truiden',0,193,87,40);
INSERT INTO jogador(id,nome,data_de_nascimento,local_de_nascimento,numero_de_resenhas,altura,peso,time) VALUES (1454,'M. Guendouzi','1999-04-14','Poissy',0,185,68,42);
INSERT INTO jogador(id,nome,data_de_nascimento,local_de_nascimento,numero_de_resenhas,altura,peso,time) VALUES (2290,'N. Kanté','1991-03-29','Paris',0,168,68,49);
INSERT INTO jogador(id,nome,data_de_nascimento,local_de_nascimento,numero_de_resenhas,altura,peso,time) VALUES (2291,'M. Kovačić','1994-05-06','Linz',0,178,78,49);
INSERT INTO jogador(id,nome,data_de_nascimento,local_de_nascimento,numero_de_resenhas,altura,peso,time) VALUES (2724,'L. Digne','1993-07-20','Meaux',0,178,74,45);
INSERT INTO jogador(id,nome,data_de_nascimento,local_de_nascimento,numero_de_resenhas,altura,peso,time) VALUES (2886,'J. Hernández','1988-06-01','Guadalajara',0,175,73,48);
INSERT INTO jogador(id,nome,data_de_nascimento,local_de_nascimento,numero_de_resenhas,altura,peso,time) VALUES (3243,'J. Seri','1991-07-19','Grand-Bereby',0,168,69,36);
INSERT INTO jogador(id,nome,data_de_nascimento,local_de_nascimento,numero_de_resenhas,altura,peso,time) VALUES (3247,'W. Zaha','1992-11-10','Abidjan',0,180,66,52);
INSERT INTO jogador(id,nome,data_de_nascimento,local_de_nascimento,numero_de_resenhas,altura,peso,time) VALUES (18739,'W. Boly','1991-02-03','Melun',0,185,81,39);
INSERT INTO jogador(id,nome,data_de_nascimento,local_de_nascimento,numero_de_resenhas,altura,peso,time) VALUES (18758,'S. Coleman','1988-10-11','Donegal',0,177,67,45);
INSERT INTO jogador(id,nome,data_de_nascimento,local_de_nascimento,numero_de_resenhas,altura,peso,time) VALUES (18860,'M. Travers','1999-05-18','Maynooth',0,191,82,35);
INSERT INTO jogador(id,nome,data_de_nascimento,local_de_nascimento,numero_de_resenhas,altura,peso,time) VALUES (18924,'J. Hendrick','1992-01-31','Dublin',0,185,79,44);
INSERT INTO jogador(id,nome,data_de_nascimento,local_de_nascimento,numero_de_resenhas,altura,peso,time) VALUES (18957,'Michael Obafemi','2000-07-06','Dublin',0,169,71,41);
INSERT INTO jogador(id,nome,data_de_nascimento,local_de_nascimento,numero_de_resenhas,altura,peso,time) VALUES (18962,'S. Duffy','1992-01-01','Derry',0,193,76,51);
INSERT INTO jogador(id,nome,data_de_nascimento,local_de_nascimento,numero_de_resenhas,altura,peso,time) VALUES (18974,'J. Molumby','1999-08-06','Waterford',0,null,null,51);
INSERT INTO jogador(id,nome,data_de_nascimento,local_de_nascimento,numero_de_resenhas,altura,peso,time) VALUES (19017,'C. Christie','1992-09-30','Coventry',0,188,78,36);
INSERT INTO jogador(id,nome,data_de_nascimento,local_de_nascimento,numero_de_resenhas,altura,peso,time) VALUES (19041,'J. Stankovič','1996-01-14','Ljubljana',0,190,78,37);
INSERT INTO jogador(id,nome,data_de_nascimento,local_de_nascimento,numero_de_resenhas,altura,peso,time) VALUES (169,'K. Trippier','1990-09-19','Bury',0,178,71,47);
INSERT INTO jogador(id,nome,data_de_nascimento,local_de_nascimento,numero_de_resenhas,altura,peso,time) VALUES (170,'J. Vertonghen','1987-04-24','Sint-Niklaas',0,189,79,47);
INSERT INTO jogador(id,nome,data_de_nascimento,local_de_nascimento,numero_de_resenhas,altura,peso,time) VALUES (184,'H. Kane','1993-07-28','London',0,188,86,47);
INSERT INTO jogador(id,nome,data_de_nascimento,local_de_nascimento,numero_de_resenhas,altura,peso,time) VALUES (283,'Trent Alexander-Arnold','1998-10-07','Liverpool',0,175,69,40);
INSERT INTO jogador(id,nome,data_de_nascimento,local_de_nascimento,numero_de_resenhas,altura,peso,time) VALUES (626,'J. Stones','1994-05-28','Barnsley',0,188,70,50);
INSERT INTO jogador(id,nome,data_de_nascimento,local_de_nascimento,numero_de_resenhas,altura,peso,time) VALUES (627,'K. Walker','1990-05-28','Sheffield',0,178,70,50);
INSERT INTO jogador(id,nome,data_de_nascimento,local_de_nascimento,numero_de_resenhas,altura,peso,time) VALUES (629,'K. De Bruyne','1991-06-28','Drongen',0,181,68,50);
INSERT INTO jogador(id,nome,data_de_nascimento,local_de_nascimento,numero_de_resenhas,altura,peso,time) VALUES (631,'P. Foden','2000-05-28','Stockport',0,171,70,50);
INSERT INTO jogador(id,nome,data_de_nascimento,local_de_nascimento,numero_de_resenhas,altura,peso,time) VALUES (907,'R. Lukaku','1993-05-13','Antwerpen',0,190,93,33);
INSERT INTO jogador(id,nome,data_de_nascimento,local_de_nascimento,numero_de_resenhas,altura,peso,time) VALUES (2296,'E. Hazard','1991-01-07','La Louvière',0,175,74,49);
INSERT INTO jogador(id,nome,data_de_nascimento,local_de_nascimento,numero_de_resenhas,altura,peso,time) VALUES (2922,'L. Dendoncker','1995-04-15','Passendale',0,188,83,39);
INSERT INTO jogador(id,nome,data_de_nascimento,local_de_nascimento,numero_de_resenhas,altura,peso,time) VALUES (2926,'Y. Tielemans','1997-05-07','Ukkel',0,176,72,46);
INSERT INTO jogador(id,nome,data_de_nascimento,local_de_nascimento,numero_de_resenhas,altura,peso,time) VALUES (2927,'M. Batshuayi','1993-10-02','Brussel',0,184,76,52);
INSERT INTO jogador(id,nome,data_de_nascimento,local_de_nascimento,numero_de_resenhas,altura,peso,time) VALUES (2932,'J. Pickford','1994-03-07','Washington',0,185,77,45);
INSERT INTO jogador(id,nome,data_de_nascimento,local_de_nascimento,numero_de_resenhas,altura,peso,time) VALUES (2935,'H. Maguire','1993-03-05','Sheffield',0,194,100,46);
INSERT INTO jogador(id,nome,data_de_nascimento,local_de_nascimento,numero_de_resenhas,altura,peso,time) VALUES (2937,'D. Rice','1999-01-14','London',0,185,76,48);
INSERT INTO jogador(id,nome,data_de_nascimento,local_de_nascimento,numero_de_resenhas,altura,peso,time) VALUES (2938,'J. Ward-Prowse','1994-11-01','Portsmouth',0,173,66,41);
INSERT INTO jogador(id,nome,data_de_nascimento,local_de_nascimento,numero_de_resenhas,altura,peso,time) VALUES (18741,'C. Coady','1993-02-25','St Helens',0,185,75,39);
INSERT INTO jogador(id,nome,data_de_nascimento,local_de_nascimento,numero_de_resenhas,altura,peso,time) VALUES (19194,'T. Abraham','1997-10-02','London',0,190,80,49);
INSERT INTO jogador(id,nome,data_de_nascimento,local_de_nascimento,numero_de_resenhas,altura,peso,time) VALUES (67971,'Addji Keaninkin Marc-Israel Guéhi','2000-07-13','Abidjan',0,182,82,49);
INSERT INTO jogador(id,nome,data_de_nascimento,local_de_nascimento,numero_de_resenhas,altura,peso,time) VALUES (59,'Álvaro Morata','1992-10-23','Madrid',0,190,84,49);
INSERT INTO jogador(id,nome,data_de_nascimento,local_de_nascimento,numero_de_resenhas,altura,peso,time) VALUES (174,'C. Eriksen','1992-02-14','Middelfart',0,182,76,47);
INSERT INTO jogador(id,nome,data_de_nascimento,local_de_nascimento,numero_de_resenhas,altura,peso,time) VALUES (183,'V. Janssen','1994-06-15','Heesch',0,184,79,47);
INSERT INTO jogador(id,nome,data_de_nascimento,local_de_nascimento,numero_de_resenhas,altura,peso,time) VALUES (290,'V. van Dijk','1991-07-08','Breda',0,193,92,40);
INSERT INTO jogador(id,nome,data_de_nascimento,local_de_nascimento,numero_de_resenhas,altura,peso,time) VALUES (307,'X. Shaqiri','1991-10-10','Gjilan',0,169,72,40);
INSERT INTO jogador(id,nome,data_de_nascimento,local_de_nascimento,numero_de_resenhas,altura,peso,time) VALUES (633,'İ. Gündoğan','1990-10-24','Gelsenkirchen',0,180,80,50);
INSERT INTO jogador(id,nome,data_de_nascimento,local_de_nascimento,numero_de_resenhas,altura,peso,time) VALUES (644,'L. Sané','1996-01-11','Essen',0,183,80,50);
INSERT INTO jogador(id,nome,data_de_nascimento,local_de_nascimento,numero_de_resenhas,altura,peso,time) VALUES (645,'R. Sterling','1994-12-08','Kingston',0,170,69,50);
INSERT INTO jogador(id,nome,data_de_nascimento,local_de_nascimento,numero_de_resenhas,altura,peso,time) VALUES (1460,'Bukayo Saka','2001-09-05','London',0,178,65,42);
INSERT INTO jogador(id,nome,data_de_nascimento,local_de_nascimento,numero_de_resenhas,altura,peso,time) VALUES (1464,'G. Xhaka','1992-09-27','Basel',0,185,82,42);
INSERT INTO jogador(id,nome,data_de_nascimento,local_de_nascimento,numero_de_resenhas,altura,peso,time) VALUES (2278,'Marcos Alonso','1990-12-28','Madrid',0,188,84,49);
INSERT INTO jogador(id,nome,data_de_nascimento,local_de_nascimento,numero_de_resenhas,altura,peso,time) VALUES (2280,'Azpilicueta','1989-08-28','Pamplona',0,178,76,49);
INSERT INTO jogador(id,nome,data_de_nascimento,local_de_nascimento,numero_de_resenhas,altura,peso,time) VALUES (2282,'A. Christensen','1996-04-10','Lillerød',0,187,82,49);
INSERT INTO jogador(id,nome,data_de_nascimento,local_de_nascimento,numero_de_resenhas,altura,peso,time) VALUES (2283,'David Luiz','1987-04-22','Diadema',0,189,84,49);
INSERT INTO jogador(id,nome,data_de_nascimento,local_de_nascimento,numero_de_resenhas,altura,peso,time) VALUES (2285,'A. Rüdiger','1993-03-03','Berlin',0,190,85,49);
INSERT INTO jogador(id,nome,data_de_nascimento,local_de_nascimento,numero_de_resenhas,altura,peso,time) VALUES (2728,'K. Schmeichel','1986-11-05','København',0,189,89,46);
INSERT INTO jogador(id,nome,data_de_nascimento,local_de_nascimento,numero_de_resenhas,altura,peso,time) VALUES (2734,'P. Billing','1996-06-11','Lagos',0,193,83,37);
INSERT INTO jogador(id,nome,data_de_nascimento,local_de_nascimento,numero_de_resenhas,altura,peso,time) VALUES (2806,'F. Schär','1991-12-20','Wil',0,188,84,34);
INSERT INTO jogador(id,nome,data_de_nascimento,local_de_nascimento,numero_de_resenhas,altura,peso,time) VALUES (18861,'N. Aké','1995-02-18','Den Haag',0,180,75,35);
INSERT INTO jogador(id,nome,data_de_nascimento,local_de_nascimento,numero_de_resenhas,altura,peso,time) VALUES (18943,'J. Vestergaard','1992-08-03','København',0,199,98,41);
INSERT INTO jogador(id,nome,data_de_nascimento,local_de_nascimento,numero_de_resenhas,altura,peso,time) VALUES (164,'B. Davies','1993-04-24','Neath',0,181,76,47);
INSERT INTO jogador(id,nome,data_de_nascimento,local_de_nascimento,numero_de_resenhas,altura,peso,time) VALUES (899,'Andreas Pereira','1996-01-01','Duffel',0,178,71,33);
INSERT INTO jogador(id,nome,data_de_nascimento,local_de_nascimento,numero_de_resenhas,altura,peso,time) VALUES (1459,'A. Ramsey','1990-12-26','Caerphilly',0,178,76,42);
INSERT INTO jogador(id,nome,data_de_nascimento,local_de_nascimento,numero_de_resenhas,altura,peso,time) VALUES (2279,'E. Ampadu','2000-09-14','Exeter',0,183,78,49);
INSERT INTO jogador(id,nome,data_de_nascimento,local_de_nascimento,numero_de_resenhas,altura,peso,time) VALUES (2461,'S. Rondón','1989-09-16','Caracas',0,186,86,34);
INSERT INTO jogador(id,nome,data_de_nascimento,local_de_nascimento,numero_de_resenhas,altura,peso,time) VALUES (2716,'R. Saïss','1990-03-26','Bourg-de-Peage',0,190,80,39);
INSERT INTO jogador(id,nome,data_de_nascimento,local_de_nascimento,numero_de_resenhas,altura,peso,time) VALUES (2735,'P. Højbjerg','1995-08-05','København',0,187,84,41);
INSERT INTO jogador(id,nome,data_de_nascimento,local_de_nascimento,numero_de_resenhas,altura,peso,time) VALUES (2741,'M. Ryan','1992-04-08','Plumpton',0,184,82,51);
INSERT INTO jogador(id,nome,data_de_nascimento,local_de_nascimento,numero_de_resenhas,altura,peso,time) VALUES (2887,'R. Jiménez','1991-05-05','Tepeji del Río Ocampo',0,187,76,39);
INSERT INTO jogador(id,nome,data_de_nascimento,local_de_nascimento,numero_de_resenhas,altura,peso,time) VALUES (18146,'D. Ward','1993-06-22','Wrexham',0,191,88,46);
INSERT INTO jogador(id,nome,data_de_nascimento,local_de_nascimento,numero_de_resenhas,altura,peso,time) VALUES (18776,'Çağlar Söyüncü','1996-05-23','İzmir',0,185,82,46);
INSERT INTO jogador(id,nome,data_de_nascimento,local_de_nascimento,numero_de_resenhas,altura,peso,time) VALUES (18799,'Adam Masina','1994-01-02','Khouribga',0,189,78,38);
INSERT INTO jogador(id,nome,data_de_nascimento,local_de_nascimento,numero_de_resenhas,altura,peso,time) VALUES (18811,'A. Peñaranda','1997-05-31','San Cristóbal',0,185,83,38);
INSERT INTO jogador(id,nome,data_de_nascimento,local_de_nascimento,numero_de_resenhas,altura,peso,time) VALUES (18830,'M. Arnautović','1989-04-19','Wien',0,192,83,48);
INSERT INTO jogador(id,nome,data_de_nascimento,local_de_nascimento,numero_de_resenhas,altura,peso,time) VALUES (18836,'W. Hennessey','1987-01-24','Bangor',0,198,90,52);
INSERT INTO jogador(id,nome,data_de_nascimento,local_de_nascimento,numero_de_resenhas,altura,peso,time) VALUES (18866,'Christopher James Mepham','1997-11-05',null,0,191,84,35);
INSERT INTO jogador(id,nome,data_de_nascimento,local_de_nascimento,numero_de_resenhas,altura,peso,time) VALUES (18897,'D. Yedlin','1993-07-09','Seattle',0,172,75,34);
INSERT INTO jogador(id,nome,data_de_nascimento,local_de_nascimento,numero_de_resenhas,altura,peso,time) VALUES (18944,'M. Yoshida','1988-08-24','Nagasaki',0,189,78,41);
INSERT INTO jogador(id,nome,data_de_nascimento,local_de_nascimento,numero_de_resenhas,altura,peso,time) VALUES (19026,'L. de la Torre','1998-05-23','San Diego',0,177,67,36);
INSERT INTO jogador(id,nome,data_de_nascimento,local_de_nascimento,numero_de_resenhas,altura,peso,time) VALUES (19050,'A. Mooy','1990-09-15','Sydney',0,175,68,37);
INSERT INTO jogador(id,nome,data_de_nascimento,local_de_nascimento,numero_de_resenhas,altura,peso,time) VALUES (166,'Juan Marcos Foyth','1998-01-12','La Plata',0,179,69,47);
INSERT INTO jogador(id,nome,data_de_nascimento,local_de_nascimento,numero_de_resenhas,altura,peso,time) VALUES (280,'Alisson','1992-10-02','Novo Hamburgo',0,193,91,40);
INSERT INTO jogador(id,nome,data_de_nascimento,local_de_nascimento,numero_de_resenhas,altura,peso,time) VALUES (299,'Fabinho','1993-10-23','Campinas',0,188,78,40);
INSERT INTO jogador(id,nome,data_de_nascimento,local_de_nascimento,numero_de_resenhas,altura,peso,time) VALUES (616,'A. Murić','1998-11-07','Zürich',0,198,81,50);
INSERT INTO jogador(id,nome,data_de_nascimento,local_de_nascimento,numero_de_resenhas,altura,peso,time) VALUES (617,'Ederson Moraes','1993-08-17','Osasco',0,188,86,50);
INSERT INTO jogador(id,nome,data_de_nascimento,local_de_nascimento,numero_de_resenhas,altura,peso,time) VALUES (624,'N. Otamendi','1988-02-12','Buenos Aires',0,183,76,50);
INSERT INTO jogador(id,nome,data_de_nascimento,local_de_nascimento,numero_de_resenhas,altura,peso,time) VALUES (643,'Gabriel Fernando de Jesus','1997-04-03','São Paulo',0,175,73,50);
INSERT INTO jogador(id,nome,data_de_nascimento,local_de_nascimento,numero_de_resenhas,altura,peso,time) VALUES (905,'Fred','1993-03-05','Belo Horizonte',0,169,64,33);
INSERT INTO jogador(id,nome,data_de_nascimento,local_de_nascimento,numero_de_resenhas,altura,peso,time) VALUES (1455,'A. Iwobi','1996-05-03','Lagos',0,180,75,42);
INSERT INTO jogador(id,nome,data_de_nascimento,local_de_nascimento,numero_de_resenhas,altura,peso,time) VALUES (1462,'L. Torreira','1996-02-11','Fray Bentos',0,168,64,42);
INSERT INTO jogador(id,nome,data_de_nascimento,local_de_nascimento,numero_de_resenhas,altura,peso,time) VALUES (2413,'Richarlison de Andrade','1997-05-10','Nova Venécia',0,184,83,45);
INSERT INTO jogador(id,nome,data_de_nascimento,local_de_nascimento,numero_de_resenhas,altura,peso,time) VALUES (2500,'F. Balbuena','1991-08-23','Ciudad del Este',0,188,82,48);
INSERT INTO jogador(id,nome,data_de_nascimento,local_de_nascimento,numero_de_resenhas,altura,peso,time) VALUES (2507,'M. Almirón','1994-02-10','Asunción',0,174,63,34);
INSERT INTO jogador(id,nome,data_de_nascimento,local_de_nascimento,numero_de_resenhas,altura,peso,time) VALUES (2700,'A. Jahanbakhsh','1993-08-11','Jirandeh',0,180,76,51);
INSERT INTO jogador(id,nome,data_de_nascimento,local_de_nascimento,numero_de_resenhas,altura,peso,time) VALUES (2767,'L. Balogun','1988-06-28','Berlin',0,190,88,51);
INSERT INTO jogador(id,nome,data_de_nascimento,local_de_nascimento,numero_de_resenhas,altura,peso,time) VALUES (18767,'Ademola Lookman','1997-10-20','London',0,174,78,45);
INSERT INTO jogador(id,nome,data_de_nascimento,local_de_nascimento,numero_de_resenhas,altura,peso,time) VALUES (18931,'C. Wood','1991-12-07','Auckland',0,191,81,44);
INSERT INTO jogador(id,nome,data_de_nascimento,local_de_nascimento,numero_de_resenhas,altura,peso,time) VALUES (18991,'B. Ecuele Manga','1988-07-16','Libreville',0,186,86,43);
INSERT INTO jogador(id,nome,data_de_nascimento,local_de_nascimento,numero_de_resenhas,altura,peso,time) VALUES (19386,'R. Aarons','1995-11-16','Kingston',0,178,76,34);
INSERT INTO jogador(id,nome,data_de_nascimento,local_de_nascimento,numero_de_resenhas,altura,peso,time) VALUES (49923,'Aboubakar Kamara','1995-03-07','Gonesse',0,177,76,36);
INSERT INTO jogador(id,nome,data_de_nascimento,local_de_nascimento,numero_de_resenhas,altura,peso,time) VALUES (3395,'S. Mounié','1994-09-29','Parakou',0,190,83,37);
INSERT INTO jogador(id,nome,data_de_nascimento,local_de_nascimento,numero_de_resenhas,altura,peso,time) VALUES (18827,'C. Sánchez','1986-02-06','Quibdó',0,182,82,48);
INSERT INTO jogador(id,nome,data_de_nascimento,local_de_nascimento,numero_de_resenhas,altura,peso,time) VALUES (18968,'Y. Bissouma','1996-08-30','Issia',0,182,80,51);
INSERT INTO jogador(id,nome,data_de_nascimento,local_de_nascimento,numero_de_resenhas,altura,peso,time) VALUES (18983,'N. Etheridge','1990-02-07','Enfield',0,188,90,43);
INSERT INTO jogador(id,nome,data_de_nascimento,local_de_nascimento,numero_de_resenhas,altura,peso,time) VALUES (19027,'N. Kebano','1992-03-10','Montereau',0,170,65,36);
INSERT INTO jogador(id,nome,data_de_nascimento,local_de_nascimento,numero_de_resenhas,altura,peso,time) VALUES (19033,'F. Ayité','1988-12-15','Bordeaux',0,175,73,36);
INSERT INTO jogador(id,nome,data_de_nascimento,local_de_nascimento,numero_de_resenhas,altura,peso,time) VALUES (38700,'Sulaiman Borbor Kaikai','1995-08-26','London',0,182,73,52);
INSERT INTO jogo(id,local,data_horario,timea,timeb,campeonato,numero_de_resenhas) VALUES (100,'Everton','2018-09-01T14:00:00+00:00',45,37,'Regular Season - 4',1);
INSERT INTO jogo(id,local,data_horario,timea,timeb,campeonato,numero_de_resenhas) VALUES (101,'West Ham','2018-09-01T14:00:00+00:00',48,39,'Regular Season - 4',1);
INSERT INTO jogo(id,local,data_horario,timea,timeb,campeonato,numero_de_resenhas) VALUES (102,'Manchester City','2018-09-01T16:30:00+00:00',50,34,'Regular Season - 4',1);
INSERT INTO jogo(id,local,data_horario,timea,timeb,campeonato,numero_de_resenhas) VALUES (103,'Cardiff','2018-09-02T12:30:00+00:00',43,42,'Regular Season - 4',1);
INSERT INTO jogo(id,local,data_horario,timea,timeb,campeonato,numero_de_resenhas) VALUES (104,'Watford','2018-09-02T15:00:00+00:00',38,47,'Regular Season - 4',1);
INSERT INTO jogo(id,local,data_horario,timea,timeb,campeonato,numero_de_resenhas) VALUES (105,'Tottenham','2018-09-15T11:30:00+00:00',47,40,'Regular Season - 5',0);
INSERT INTO jogo(id,local,data_horario,timea,timeb,campeonato,numero_de_resenhas) VALUES (106,'Bournemouth','2018-09-15T14:00:00+00:00',35,46,'Regular Season - 5',0);
INSERT INTO jogo(id,local,data_horario,timea,timeb,campeonato,numero_de_resenhas) VALUES (107,'Chelsea','2018-09-15T14:00:00+00:00',49,43,'Regular Season - 5',0);
INSERT INTO jogo(id,local,data_horario,timea,timeb,campeonato,numero_de_resenhas) VALUES (108,'Huddersfield','2018-09-15T14:00:00+00:00',37,52,'Regular Season - 5',0);
INSERT INTO jogo(id,local,data_horario,timea,timeb,campeonato,numero_de_resenhas) VALUES (109,'Manchester City','2018-09-15T14:00:00+00:00',50,36,'Regular Season - 5',0);
INSERT INTO jogo(id,local,data_horario,timea,timeb,campeonato,numero_de_resenhas) VALUES (110,'Newcastle','2018-09-15T14:00:00+00:00',34,42,'Regular Season - 5',0);
INSERT INTO jogo(id,local,data_horario,timea,timeb,campeonato,numero_de_resenhas) VALUES (111,'Watford','2018-09-15T16:30:00+00:00',38,33,'Regular Season - 5',0);
INSERT INTO jogo(id,local,data_horario,timea,timeb,campeonato,numero_de_resenhas) VALUES (112,'Wolves','2018-09-16T12:30:00+00:00',39,44,'Regular Season - 5',0);
INSERT INTO jogo(id,local,data_horario,timea,timeb,campeonato,numero_de_resenhas) VALUES (113,'Everton','2018-09-16T15:00:00+00:00',45,48,'Regular Season - 5',0);
INSERT INTO jogo(id,local,data_horario,timea,timeb,campeonato,numero_de_resenhas) VALUES (114,'Southampton','2018-09-17T19:00:00+00:00',41,51,'Regular Season - 5',0);
INSERT INTO jogo(id,local,data_horario,timea,timeb,campeonato,numero_de_resenhas) VALUES (115,'Fulham','2018-09-22T11:30:00+00:00',36,38,'Regular Season - 6',0);
INSERT INTO jogo(id,local,data_horario,timea,timeb,campeonato,numero_de_resenhas) VALUES (116,'Burnley','2018-09-22T14:00:00+00:00',44,35,'Regular Season - 6',0);
INSERT INTO jogo(id,local,data_horario,timea,timeb,campeonato,numero_de_resenhas) VALUES (117,'Cardiff','2018-09-22T14:00:00+00:00',43,50,'Regular Season - 6',0);
INSERT INTO jogo(id,local,data_horario,timea,timeb,campeonato,numero_de_resenhas) VALUES (118,'Crystal Palace','2018-09-22T14:00:00+00:00',52,34,'Regular Season - 6',0);
INSERT INTO jogo(id,local,data_horario,timea,timeb,campeonato,numero_de_resenhas) VALUES (119,'Leicester','2018-09-22T14:00:00+00:00',46,37,'Regular Season - 6',0);
INSERT INTO jogo(id,local,data_horario,timea,timeb,campeonato,numero_de_resenhas) VALUES (120,'Liverpool','2018-09-22T14:00:00+00:00',40,41,'Regular Season - 6',0);
INSERT INTO jogo(id,local,data_horario,timea,timeb,campeonato,numero_de_resenhas) VALUES (121,'Manchester United','2018-09-22T14:00:00+00:00',33,39,'Regular Season - 6',0);
INSERT INTO jogo(id,local,data_horario,timea,timeb,campeonato,numero_de_resenhas) VALUES (122,'Brighton','2018-09-22T16:30:00+00:00',51,47,'Regular Season - 6',0);
INSERT INTO jogo(id,local,data_horario,timea,timeb,campeonato,numero_de_resenhas) VALUES (123,'West Ham','2018-09-23T12:30:00+00:00',48,49,'Regular Season - 6',0);
INSERT INTO jogo(id,local,data_horario,timea,timeb,campeonato,numero_de_resenhas) VALUES (124,'Arsenal','2018-09-23T15:00:00+00:00',42,45,'Regular Season - 6',0);
INSERT INTO jogo(id,local,data_horario,timea,timeb,campeonato,numero_de_resenhas) VALUES (125,'West Ham','2018-09-29T11:30:00+00:00',48,33,'Regular Season - 7',0);
INSERT INTO jogo(id,local,data_horario,timea,timeb,campeonato,numero_de_resenhas) VALUES (126,'Arsenal','2018-09-29T14:00:00+00:00',42,38,'Regular Season - 7',0);
INSERT INTO jogo(id,local,data_horario,timea,timeb,campeonato,numero_de_resenhas) VALUES (127,'Everton','2018-09-29T14:00:00+00:00',45,36,'Regular Season - 7',0);
INSERT INTO jogo(id,local,data_horario,timea,timeb,campeonato,numero_de_resenhas) VALUES (128,'Huddersfield','2018-09-29T14:00:00+00:00',37,47,'Regular Season - 7',0);
INSERT INTO jogo(id,local,data_horario,timea,timeb,campeonato,numero_de_resenhas) VALUES (129,'Manchester City','2018-09-29T14:00:00+00:00',50,51,'Regular Season - 7',0);
INSERT INTO jogo(id,local,data_horario,timea,timeb,campeonato,numero_de_resenhas) VALUES (130,'Newcastle','2018-09-29T14:00:00+00:00',34,46,'Regular Season - 7',0);
INSERT INTO jogo(id,local,data_horario,timea,timeb,campeonato,numero_de_resenhas) VALUES (131,'Wolves','2018-09-29T14:00:00+00:00',39,41,'Regular Season - 7',0);
INSERT INTO jogo(id,local,data_horario,timea,timeb,campeonato,numero_de_resenhas) VALUES (132,'Chelsea','2018-09-29T16:30:00+00:00',49,40,'Regular Season - 7',0);
INSERT INTO jogo(id,local,data_horario,timea,timeb,campeonato,numero_de_resenhas) VALUES (133,'Cardiff','2018-09-30T15:00:00+00:00',43,44,'Regular Season - 7',0);
INSERT INTO jogo(id,local,data_horario,timea,timeb,campeonato,numero_de_resenhas) VALUES (134,'Bournemouth','2018-10-01T19:00:00+00:00',35,52,'Regular Season - 7',0);
INSERT INTO jogo(id,local,data_horario,timea,timeb,campeonato,numero_de_resenhas) VALUES (135,'Brighton','2018-10-05T19:00:00+00:00',51,48,'Regular Season - 8',0);
INSERT INTO jogo(id,local,data_horario,timea,timeb,campeonato,numero_de_resenhas) VALUES (136,'Burnley','2018-10-06T14:00:00+00:00',44,37,'Regular Season - 8',0);
INSERT INTO jogo(id,local,data_horario,timea,timeb,campeonato,numero_de_resenhas) VALUES (137,'Crystal Palace','2018-10-06T14:00:00+00:00',52,39,'Regular Season - 8',0);
INSERT INTO jogo(id,local,data_horario,timea,timeb,campeonato,numero_de_resenhas) VALUES (138,'Fulham','2018-10-07T11:00:00+00:00',36,42,'Regular Season - 8',0);
INSERT INTO jogo(id,local,data_horario,timea,timeb,campeonato,numero_de_resenhas) VALUES (139,'Leicester','2018-10-06T14:00:00+00:00',46,45,'Regular Season - 8',0);
INSERT INTO jogo(id,local,data_horario,timea,timeb,campeonato,numero_de_resenhas) VALUES (140,'Liverpool','2018-10-07T15:30:00+00:00',40,50,'Regular Season - 8',0);
INSERT INTO jogo(id,local,data_horario,timea,timeb,campeonato,numero_de_resenhas) VALUES (141,'Manchester United','2018-10-06T16:30:00+00:00',33,34,'Regular Season - 8',0);
INSERT INTO jogo(id,local,data_horario,timea,timeb,campeonato,numero_de_resenhas) VALUES (142,'Southampton','2018-10-07T13:15:00+00:00',41,49,'Regular Season - 8',0);
INSERT INTO jogo(id,local,data_horario,timea,timeb,campeonato,numero_de_resenhas) VALUES (143,'Tottenham','2018-10-06T14:00:00+00:00',47,43,'Regular Season - 8',0);
INSERT INTO jogo(id,local,data_horario,timea,timeb,campeonato,numero_de_resenhas) VALUES (144,'Watford','2018-10-06T14:00:00+00:00',38,35,'Regular Season - 8',0);
INSERT INTO jogo(id,local,data_horario,timea,timeb,campeonato,numero_de_resenhas) VALUES (145,'Arsenal','2018-10-22T19:00:00+00:00',42,46,'Regular Season - 9',0);
INSERT INTO jogo(id,local,data_horario,timea,timeb,campeonato,numero_de_resenhas) VALUES (146,'Bournemouth','2018-10-20T14:00:00+00:00',35,41,'Regular Season - 9',0);
INSERT INTO jogo(id,local,data_horario,timea,timeb,campeonato,numero_de_resenhas) VALUES (147,'Cardiff','2018-10-20T14:00:00+00:00',43,36,'Regular Season - 9',0);
INSERT INTO jogo(id,local,data_horario,timea,timeb,campeonato,numero_de_resenhas) VALUES (148,'Chelsea','2018-10-20T11:30:00+00:00',49,33,'Regular Season - 9',0);
INSERT INTO jogo(id,local,data_horario,timea,timeb,campeonato,numero_de_resenhas) VALUES (149,'Everton','2018-10-21T15:00:00+00:00',45,52,'Regular Season - 9',0);
INSERT INTO jogo(id,local,data_horario,timea,timeb,campeonato,numero_de_resenhas) VALUES (150,'Huddersfield','2018-10-20T16:30:00+00:00',37,40,'Regular Season - 9',0);
INSERT INTO jogo(id,local,data_horario,timea,timeb,campeonato,numero_de_resenhas) VALUES (151,'Manchester City','2018-10-20T14:00:00+00:00',50,44,'Regular Season - 9',0);
INSERT INTO jogo(id,local,data_horario,timea,timeb,campeonato,numero_de_resenhas) VALUES (152,'Newcastle','2018-10-20T14:00:00+00:00',34,51,'Regular Season - 9',0);
INSERT INTO jogo(id,local,data_horario,timea,timeb,campeonato,numero_de_resenhas) VALUES (153,'West Ham','2018-10-20T14:00:00+00:00',48,47,'Regular Season - 9',0);
INSERT INTO jogo(id,local,data_horario,timea,timeb,campeonato,numero_de_resenhas) VALUES (154,'Wolves','2018-10-20T14:00:00+00:00',39,38,'Regular Season - 9',0);
INSERT INTO jogo(id,local,data_horario,timea,timeb,campeonato,numero_de_resenhas) VALUES (155,'Brighton','2018-10-27T14:00:00+00:00',51,39,'Regular Season - 10',0);
INSERT INTO jogo(id,local,data_horario,timea,timeb,campeonato,numero_de_resenhas) VALUES (156,'Burnley','2018-10-28T13:30:00+00:00',44,49,'Regular Season - 10',0);
INSERT INTO jogo(id,local,data_horario,timea,timeb,campeonato,numero_de_resenhas) VALUES (157,'Crystal Palace','2018-10-28T13:30:00+00:00',52,42,'Regular Season - 10',0);
INSERT INTO jogo(id,local,data_horario,timea,timeb,campeonato,numero_de_resenhas) VALUES (158,'Fulham','2018-10-27T14:00:00+00:00',36,35,'Regular Season - 10',0);
INSERT INTO jogo(id,local,data_horario,timea,timeb,campeonato,numero_de_resenhas) VALUES (159,'Leicester','2018-10-27T16:30:00+00:00',46,48,'Regular Season - 10',0);
INSERT INTO jogo(id,local,data_horario,timea,timeb,campeonato,numero_de_resenhas) VALUES (160,'Liverpool','2018-10-27T14:00:00+00:00',40,43,'Regular Season - 10',0);
INSERT INTO jogo(id,local,data_horario,timea,timeb,campeonato,numero_de_resenhas) VALUES (161,'Manchester United','2018-10-28T16:00:00+00:00',33,45,'Regular Season - 10',0);
INSERT INTO jogo(id,local,data_horario,timea,timeb,campeonato,numero_de_resenhas) VALUES (162,'Southampton','2018-10-27T14:00:00+00:00',41,34,'Regular Season - 10',0);
INSERT INTO jogo(id,local,data_horario,timea,timeb,campeonato,numero_de_resenhas) VALUES (163,'Tottenham','2018-10-29T20:00:00+00:00',47,50,'Regular Season - 10',0);
INSERT INTO jogo(id,local,data_horario,timea,timeb,campeonato,numero_de_resenhas) VALUES (164,'Watford','2018-10-27T14:00:00+00:00',38,37,'Regular Season - 10',0);
INSERT INTO jogo(id,local,data_horario,timea,timeb,campeonato,numero_de_resenhas) VALUES (165,'Arsenal','2018-11-03T17:30:00+00:00',42,40,'Regular Season - 11',0);
INSERT INTO jogo(id,local,data_horario,timea,timeb,campeonato,numero_de_resenhas) VALUES (166,'Bournemouth','2018-11-03T12:30:00+00:00',35,33,'Regular Season - 11',0);
INSERT INTO jogo(id,local,data_horario,timea,timeb,campeonato,numero_de_resenhas) VALUES (167,'Cardiff','2018-11-03T15:00:00+00:00',43,46,'Regular Season - 11',0);
INSERT INTO jogo(id,local,data_horario,timea,timeb,campeonato,numero_de_resenhas) VALUES (168,'Chelsea','2018-11-04T16:00:00+00:00',49,52,'Regular Season - 11',0);
INSERT INTO jogo(id,local,data_horario,timea,timeb,campeonato,numero_de_resenhas) VALUES (169,'Everton','2018-11-03T15:00:00+00:00',45,51,'Regular Season - 11',0);
INSERT INTO jogo(id,local,data_horario,timea,timeb,campeonato,numero_de_resenhas) VALUES (170,'Huddersfield','2018-11-05T20:00:00+00:00',37,36,'Regular Season - 11',0);
INSERT INTO jogo(id,local,data_horario,timea,timeb,campeonato,numero_de_resenhas) VALUES (171,'Manchester City','2018-11-04T15:00:00+00:00',50,41,'Regular Season - 11',0);
INSERT INTO jogo(id,local,data_horario,timea,timeb,campeonato,numero_de_resenhas) VALUES (172,'Newcastle','2018-11-03T15:00:00+00:00',34,38,'Regular Season - 11',0);
INSERT INTO jogo(id,local,data_horario,timea,timeb,campeonato,numero_de_resenhas) VALUES (173,'West Ham','2018-11-03T15:00:00+00:00',48,44,'Regular Season - 11',0);
INSERT INTO jogo(id,local,data_horario,timea,timeb,campeonato,numero_de_resenhas) VALUES (174,'Wolves','2018-11-03T19:45:00+00:00',39,47,'Regular Season - 11',0);
INSERT INTO jogo(id,local,data_horario,timea,timeb,campeonato,numero_de_resenhas) VALUES (175,'Arsenal','2018-11-11T16:30:00+00:00',42,39,'Regular Season - 12',0);
INSERT INTO jogo(id,local,data_horario,timea,timeb,campeonato,numero_de_resenhas) VALUES (176,'Cardiff','2018-11-10T12:30:00+00:00',43,51,'Regular Season - 12',0);
INSERT INTO jogo(id,local,data_horario,timea,timeb,campeonato,numero_de_resenhas) VALUES (177,'Chelsea','2018-11-11T14:15:00+00:00',49,45,'Regular Season - 12',0);
INSERT INTO jogo(id,local,data_horario,timea,timeb,campeonato,numero_de_resenhas) VALUES (178,'Crystal Palace','2018-11-10T17:30:00+00:00',52,47,'Regular Season - 12',0);
INSERT INTO jogo(id,local,data_horario,timea,timeb,campeonato,numero_de_resenhas) VALUES (179,'Huddersfield','2018-11-10T15:00:00+00:00',37,48,'Regular Season - 12',0);
INSERT INTO jogo(id,local,data_horario,timea,timeb,campeonato,numero_de_resenhas) VALUES (180,'Leicester','2018-11-10T15:00:00+00:00',46,44,'Regular Season - 12',0);
INSERT INTO jogo(id,local,data_horario,timea,timeb,campeonato,numero_de_resenhas) VALUES (181,'Liverpool','2018-11-11T12:00:00+00:00',40,36,'Regular Season - 12',0);
INSERT INTO jogo(id,local,data_horario,timea,timeb,campeonato,numero_de_resenhas) VALUES (182,'Manchester City','2018-11-11T16:30:00+00:00',50,33,'Regular Season - 12',0);
INSERT INTO jogo(id,local,data_horario,timea,timeb,campeonato,numero_de_resenhas) VALUES (183,'Newcastle','2018-11-10T15:00:00+00:00',34,35,'Regular Season - 12',0);
INSERT INTO jogo(id,local,data_horario,timea,timeb,campeonato,numero_de_resenhas) VALUES (184,'Southampton','2018-11-10T15:00:00+00:00',41,38,'Regular Season - 12',0);
INSERT INTO jogo(id,local,data_horario,timea,timeb,campeonato,numero_de_resenhas) VALUES (185,'Bournemouth','2018-11-25T13:30:00+00:00',35,42,'Regular Season - 13',0);
INSERT INTO jogo(id,local,data_horario,timea,timeb,campeonato,numero_de_resenhas) VALUES (186,'Brighton','2018-11-24T15:00:00+00:00',51,46,'Regular Season - 13',0);
INSERT INTO jogo(id,local,data_horario,timea,timeb,campeonato,numero_de_resenhas) VALUES (187,'Burnley','2018-11-26T20:30:00+00:00',44,34,'Regular Season - 13',0);
INSERT INTO jogo(id,local,data_horario,timea,timeb,campeonato,numero_de_resenhas) VALUES (188,'Everton','2018-11-24T15:00:00+00:00',45,43,'Regular Season - 13',0);
INSERT INTO jogo(id,local,data_horario,timea,timeb,campeonato,numero_de_resenhas) VALUES (189,'Fulham','2018-11-24T15:00:00+00:00',36,41,'Regular Season - 13',0);
INSERT INTO jogo(id,local,data_horario,timea,timeb,campeonato,numero_de_resenhas) VALUES (190,'Manchester United','2018-11-24T15:00:00+00:00',33,52,'Regular Season - 13',0);
INSERT INTO jogo(id,local,data_horario,timea,timeb,campeonato,numero_de_resenhas) VALUES (191,'Tottenham','2018-11-24T17:30:00+00:00',47,49,'Regular Season - 13',0);
INSERT INTO jogo(id,local,data_horario,timea,timeb,campeonato,numero_de_resenhas) VALUES (192,'Watford','2018-11-24T15:00:00+00:00',38,40,'Regular Season - 13',0);
INSERT INTO jogo(id,local,data_horario,timea,timeb,campeonato,numero_de_resenhas) VALUES (193,'West Ham','2018-11-24T15:00:00+00:00',48,50,'Regular Season - 13',0);
INSERT INTO jogo(id,local,data_horario,timea,timeb,campeonato,numero_de_resenhas) VALUES (194,'Wolves','2018-11-25T16:00:00+00:00',39,37,'Regular Season - 13',0);
INSERT INTO jogo(id,local,data_horario,timea,timeb,campeonato,numero_de_resenhas) VALUES (195,'Arsenal','2018-12-02T14:05:00+00:00',42,47,'Regular Season - 14',0);
INSERT INTO jogo(id,local,data_horario,timea,timeb,campeonato,numero_de_resenhas) VALUES (196,'Cardiff','2018-11-30T20:00:00+00:00',43,39,'Regular Season - 14',0);
INSERT INTO jogo(id,local,data_horario,timea,timeb,campeonato,numero_de_resenhas) VALUES (197,'Chelsea','2018-12-02T12:00:00+00:00',49,36,'Regular Season - 14',0);
INSERT INTO jogo(id,local,data_horario,timea,timeb,campeonato,numero_de_resenhas) VALUES (198,'Crystal Palace','2018-12-01T15:00:00+00:00',52,44,'Regular Season - 14',0);
INSERT INTO jogo(id,local,data_horario,timea,timeb,campeonato,numero_de_resenhas) VALUES (199,'Huddersfield','2018-12-01T15:00:00+00:00',37,51,'Regular Season - 14',0);
INSERT INTO jogo(id,local,data_horario,timea,timeb,campeonato,numero_de_resenhas) VALUES (200,'Leicester','2018-12-01T15:00:00+00:00',46,38,'Regular Season - 14',0);
INSERT INTO jogo(id,local,data_horario,timea,timeb,campeonato,numero_de_resenhas) VALUES (201,'Liverpool','2018-12-02T16:15:00+00:00',40,45,'Regular Season - 14',0);
INSERT INTO jogo(id,local,data_horario,timea,timeb,campeonato,numero_de_resenhas) VALUES (202,'Manchester City','2018-12-01T15:00:00+00:00',50,35,'Regular Season - 14',0);
INSERT INTO jogo(id,local,data_horario,timea,timeb,campeonato,numero_de_resenhas) VALUES (203,'Newcastle','2018-12-01T15:00:00+00:00',34,48,'Regular Season - 14',0);
INSERT INTO jogo(id,local,data_horario,timea,timeb,campeonato,numero_de_resenhas) VALUES (204,'Southampton','2018-12-01T17:30:00+00:00',41,33,'Regular Season - 14',0);
INSERT INTO jogo(id,local,data_horario,timea,timeb,campeonato,numero_de_resenhas) VALUES (205,'Bournemouth','2018-12-04T19:45:00+00:00',35,37,'Regular Season - 15',0);
INSERT INTO jogo(id,local,data_horario,timea,timeb,campeonato,numero_de_resenhas) VALUES (206,'Brighton','2018-12-04T19:45:00+00:00',51,52,'Regular Season - 15',0);
INSERT INTO jogo(id,local,data_horario,timea,timeb,campeonato,numero_de_resenhas) VALUES (207,'Burnley','2018-12-05T19:45:00+00:00',44,40,'Regular Season - 15',0);
INSERT INTO jogo(id,local,data_horario,timea,timeb,campeonato,numero_de_resenhas) VALUES (208,'Fulham','2018-12-05T19:45:00+00:00',36,46,'Regular Season - 15',0);
INSERT INTO jogo(id,local,data_horario,timea,timeb,campeonato,numero_de_resenhas) VALUES (209,'Watford','2018-12-04T20:00:00+00:00',38,50,'Regular Season - 15',0);
INSERT INTO jogo(id,local,data_horario,timea,timeb,campeonato,numero_de_resenhas) VALUES (210,'West Ham','2018-12-04T19:45:00+00:00',48,43,'Regular Season - 15',0);
INSERT INTO jogo(id,local,data_horario,timea,timeb,campeonato,numero_de_resenhas) VALUES (211,'Wolves','2018-12-05T19:45:00+00:00',39,49,'Regular Season - 15',0);
INSERT INTO jogo(id,local,data_horario,timea,timeb,campeonato,numero_de_resenhas) VALUES (212,'Manchester United','2018-12-05T20:00:00+00:00',33,42,'Regular Season - 15',0);
INSERT INTO jogo(id,local,data_horario,timea,timeb,campeonato,numero_de_resenhas) VALUES (213,'Everton','2018-12-05T19:45:00+00:00',45,34,'Regular Season - 15',0);
INSERT INTO jogo(id,local,data_horario,timea,timeb,campeonato,numero_de_resenhas) VALUES (214,'Tottenham','2018-12-05T20:00:00+00:00',47,41,'Regular Season - 15',0);
INSERT INTO jogo(id,local,data_horario,timea,timeb,campeonato,numero_de_resenhas) VALUES (215,'Arsenal','2018-12-08T15:00:00+00:00',42,37,'Regular Season - 16',0);
INSERT INTO jogo(id,local,data_horario,timea,timeb,campeonato,numero_de_resenhas) VALUES (216,'Bournemouth','2018-12-08T12:30:00+00:00',35,40,'Regular Season - 16',0);
INSERT INTO jogo(id,local,data_horario,timea,timeb,campeonato,numero_de_resenhas) VALUES (217,'Burnley','2018-12-08T15:00:00+00:00',44,51,'Regular Season - 16',0);
INSERT INTO jogo(id,local,data_horario,timea,timeb,campeonato,numero_de_resenhas) VALUES (218,'Cardiff','2018-12-08T15:00:00+00:00',43,41,'Regular Season - 16',0);
INSERT INTO jogo(id,local,data_horario,timea,timeb,campeonato,numero_de_resenhas) VALUES (219,'Chelsea','2018-12-08T17:30:00+00:00',49,50,'Regular Season - 16',0);
INSERT INTO jogo(id,local,data_horario,timea,timeb,campeonato,numero_de_resenhas) VALUES (220,'Everton','2018-12-10T20:00:00+00:00',45,38,'Regular Season - 16',0);
INSERT INTO jogo(id,local,data_horario,timea,timeb,campeonato,numero_de_resenhas) VALUES (221,'Leicester','2018-12-08T19:45:00+00:00',46,47,'Regular Season - 16',0);
INSERT INTO jogo(id,local,data_horario,timea,timeb,campeonato,numero_de_resenhas) VALUES (222,'Manchester United','2018-12-08T15:00:00+00:00',33,36,'Regular Season - 16',0);
INSERT INTO jogo(id,local,data_horario,timea,timeb,campeonato,numero_de_resenhas) VALUES (223,'Newcastle','2018-12-09T16:00:00+00:00',34,39,'Regular Season - 16',0);
INSERT INTO jogo(id,local,data_horario,timea,timeb,campeonato,numero_de_resenhas) VALUES (224,'West Ham','2018-12-08T15:00:00+00:00',48,52,'Regular Season - 16',0);
INSERT INTO jogo(id,local,data_horario,timea,timeb,campeonato,numero_de_resenhas) VALUES (225,'Brighton','2018-12-16T13:30:00+00:00',51,49,'Regular Season - 17',0);
INSERT INTO jogo(id,local,data_horario,timea,timeb,campeonato,numero_de_resenhas) VALUES (226,'Crystal Palace','2018-12-15T15:00:00+00:00',52,46,'Regular Season - 17',0);
INSERT INTO jogo(id,local,data_horario,timea,timeb,campeonato,numero_de_resenhas) VALUES (227,'Fulham','2018-12-15T17:30:00+00:00',36,48,'Regular Season - 17',0);
INSERT INTO jogo(id,local,data_horario,timea,timeb,campeonato,numero_de_resenhas) VALUES (228,'Huddersfield','2018-12-15T15:00:00+00:00',37,34,'Regular Season - 17',0);
INSERT INTO jogo(id,local,data_horario,timea,timeb,campeonato,numero_de_resenhas) VALUES (229,'Liverpool','2018-12-16T16:00:00+00:00',40,33,'Regular Season - 17',0);
INSERT INTO jogo(id,local,data_horario,timea,timeb,campeonato,numero_de_resenhas) VALUES (230,'Manchester City','2018-12-15T12:30:00+00:00',50,45,'Regular Season - 17',0);
INSERT INTO jogo(id,local,data_horario,timea,timeb,campeonato,numero_de_resenhas) VALUES (231,'Southampton','2018-12-16T13:30:00+00:00',41,42,'Regular Season - 17',0);
INSERT INTO jogo(id,local,data_horario,timea,timeb,campeonato,numero_de_resenhas) VALUES (232,'Tottenham','2018-12-15T15:00:00+00:00',47,44,'Regular Season - 17',0);
INSERT INTO jogo(id,local,data_horario,timea,timeb,campeonato,numero_de_resenhas) VALUES (233,'Watford','2018-12-15T15:00:00+00:00',38,43,'Regular Season - 17',0);
INSERT INTO jogo(id,local,data_horario,timea,timeb,campeonato,numero_de_resenhas) VALUES (234,'Wolves','2018-12-15T15:00:00+00:00',39,35,'Regular Season - 17',0);
INSERT INTO jogo(id,local,data_horario,timea,timeb,campeonato,numero_de_resenhas) VALUES (235,'Arsenal','2018-12-22T12:30:00+00:00',42,44,'Regular Season - 18',0);
INSERT INTO jogo(id,local,data_horario,timea,timeb,campeonato,numero_de_resenhas) VALUES (236,'Bournemouth','2018-12-22T15:00:00+00:00',35,51,'Regular Season - 18',0);
INSERT INTO jogo(id,local,data_horario,timea,timeb,campeonato,numero_de_resenhas) VALUES (237,'Cardiff','2018-12-22T17:30:00+00:00',43,33,'Regular Season - 18',0);
INSERT INTO jogo(id,local,data_horario,timea,timeb,campeonato,numero_de_resenhas) VALUES (238,'Chelsea','2018-12-22T15:00:00+00:00',49,46,'Regular Season - 18',0);
INSERT INTO jogo(id,local,data_horario,timea,timeb,campeonato,numero_de_resenhas) VALUES (239,'Everton','2018-12-23T16:00:00+00:00',45,47,'Regular Season - 18',0);
INSERT INTO jogo(id,local,data_horario,timea,timeb,campeonato,numero_de_resenhas) VALUES (240,'Huddersfield','2018-12-22T15:00:00+00:00',37,41,'Regular Season - 18',0);
INSERT INTO jogo(id,local,data_horario,timea,timeb,campeonato,numero_de_resenhas) VALUES (241,'Manchester City','2018-12-22T15:00:00+00:00',50,52,'Regular Season - 18',0);
INSERT INTO jogo(id,local,data_horario,timea,timeb,campeonato,numero_de_resenhas) VALUES (242,'Newcastle','2018-12-22T15:00:00+00:00',34,36,'Regular Season - 18',0);
INSERT INTO jogo(id,local,data_horario,timea,timeb,campeonato,numero_de_resenhas) VALUES (243,'West Ham','2018-12-22T15:00:00+00:00',48,38,'Regular Season - 18',0);
INSERT INTO jogo(id,local,data_horario,timea,timeb,campeonato,numero_de_resenhas) VALUES (244,'Wolves','2018-12-21T20:00:00+00:00',39,40,'Regular Season - 18',0);
INSERT INTO jogo(id,local,data_horario,timea,timeb,campeonato,numero_de_resenhas) VALUES (245,'Brighton','2018-12-26T17:15:00+00:00',51,42,'Regular Season - 19',0);
INSERT INTO jogo(id,local,data_horario,timea,timeb,campeonato,numero_de_resenhas) VALUES (246,'Burnley','2018-12-26T15:00:00+00:00',44,45,'Regular Season - 19',0);
INSERT INTO jogo(id,local,data_horario,timea,timeb,campeonato,numero_de_resenhas) VALUES (247,'Crystal Palace','2018-12-26T15:00:00+00:00',52,43,'Regular Season - 19',0);
INSERT INTO jogo(id,local,data_horario,timea,timeb,campeonato,numero_de_resenhas) VALUES (248,'Fulham','2018-12-26T12:30:00+00:00',36,39,'Regular Season - 19',0);
INSERT INTO jogo(id,local,data_horario,timea,timeb,campeonato,numero_de_resenhas) VALUES (249,'Leicester','2018-12-26T15:00:00+00:00',46,50,'Regular Season - 19',0);
INSERT INTO jogo(id,local,data_horario,timea,timeb,campeonato,numero_de_resenhas) VALUES (250,'Liverpool','2018-12-26T15:00:00+00:00',40,34,'Regular Season - 19',0);
INSERT INTO jogo(id,local,data_horario,timea,timeb,campeonato,numero_de_resenhas) VALUES (251,'Manchester United','2018-12-26T15:00:00+00:00',33,37,'Regular Season - 19',0);
INSERT INTO jogo(id,local,data_horario,timea,timeb,campeonato,numero_de_resenhas) VALUES (252,'Southampton','2018-12-27T19:45:00+00:00',41,48,'Regular Season - 19',0);
INSERT INTO jogo(id,local,data_horario,timea,timeb,campeonato,numero_de_resenhas) VALUES (253,'Tottenham','2018-12-26T15:00:00+00:00',47,35,'Regular Season - 19',0);
INSERT INTO jogo(id,local,data_horario,timea,timeb,campeonato,numero_de_resenhas) VALUES (254,'Watford','2018-12-26T19:30:00+00:00',38,49,'Regular Season - 19',0);
INSERT INTO jogo(id,local,data_horario,timea,timeb,campeonato,numero_de_resenhas) VALUES (255,'Brighton','2018-12-29T15:00:00+00:00',51,45,'Regular Season - 20',0);
INSERT INTO jogo(id,local,data_horario,timea,timeb,campeonato,numero_de_resenhas) VALUES (256,'Burnley','2018-12-30T14:15:00+00:00',44,48,'Regular Season - 20',0);
INSERT INTO jogo(id,local,data_horario,timea,timeb,campeonato,numero_de_resenhas) VALUES (257,'Crystal Palace','2018-12-30T12:00:00+00:00',52,49,'Regular Season - 20',0);
INSERT INTO jogo(id,local,data_horario,timea,timeb,campeonato,numero_de_resenhas) VALUES (258,'Fulham','2018-12-29T15:00:00+00:00',36,37,'Regular Season - 20',0);
INSERT INTO jogo(id,local,data_horario,timea,timeb,campeonato,numero_de_resenhas) VALUES (259,'Leicester','2018-12-29T15:00:00+00:00',46,43,'Regular Season - 20',0);
INSERT INTO jogo(id,local,data_horario,timea,timeb,campeonato,numero_de_resenhas) VALUES (260,'Liverpool','2018-12-29T17:30:00+00:00',40,42,'Regular Season - 20',0);
INSERT INTO jogo(id,local,data_horario,timea,timeb,campeonato,numero_de_resenhas) VALUES (261,'Manchester United','2018-12-30T16:30:00+00:00',33,35,'Regular Season - 20',0);
INSERT INTO jogo(id,local,data_horario,timea,timeb,campeonato,numero_de_resenhas) VALUES (262,'Southampton','2018-12-30T14:15:00+00:00',41,50,'Regular Season - 20',0);
INSERT INTO jogo(id,local,data_horario,timea,timeb,campeonato,numero_de_resenhas) VALUES (263,'Tottenham','2018-12-29T15:00:00+00:00',47,39,'Regular Season - 20',0);
INSERT INTO jogo(id,local,data_horario,timea,timeb,campeonato,numero_de_resenhas) VALUES (264,'Watford','2018-12-29T15:00:00+00:00',38,34,'Regular Season - 20',0);
INSERT INTO jogo(id,local,data_horario,timea,timeb,campeonato,numero_de_resenhas) VALUES (265,'Arsenal','2019-01-01T15:00:00+00:00',42,36,'Regular Season - 21',0);
INSERT INTO jogo(id,local,data_horario,timea,timeb,campeonato,numero_de_resenhas) VALUES (266,'Bournemouth','2019-01-02T20:00:00+00:00',35,38,'Regular Season - 21',0);
INSERT INTO jogo(id,local,data_horario,timea,timeb,campeonato,numero_de_resenhas) VALUES (267,'Cardiff','2019-01-01T17:30:00+00:00',43,47,'Regular Season - 21',0);
INSERT INTO jogo(id,local,data_horario,timea,timeb,campeonato,numero_de_resenhas) VALUES (268,'Chelsea','2019-01-02T19:45:00+00:00',49,41,'Regular Season - 21',0);
INSERT INTO jogo(id,local,data_horario,timea,timeb,campeonato,numero_de_resenhas) VALUES (269,'Everton','2019-01-01T12:30:00+00:00',45,46,'Regular Season - 21',0);
INSERT INTO jogo(id,local,data_horario,timea,timeb,campeonato,numero_de_resenhas) VALUES (270,'Huddersfield','2019-01-02T19:45:00+00:00',37,44,'Regular Season - 21',0);
INSERT INTO jogo(id,local,data_horario,timea,timeb,campeonato,numero_de_resenhas) VALUES (271,'Manchester City','2019-01-03T20:00:00+00:00',50,40,'Regular Season - 21',0);
INSERT INTO jogo(id,local,data_horario,timea,timeb,campeonato,numero_de_resenhas) VALUES (272,'Newcastle','2019-01-02T20:00:00+00:00',34,33,'Regular Season - 21',0);
INSERT INTO jogo(id,local,data_horario,timea,timeb,campeonato,numero_de_resenhas) VALUES (273,'West Ham','2019-01-02T19:45:00+00:00',48,51,'Regular Season - 21',0);
INSERT INTO jogo(id,local,data_horario,timea,timeb,campeonato,numero_de_resenhas) VALUES (274,'Wolves','2019-01-02T19:45:00+00:00',39,52,'Regular Season - 21',0);
INSERT INTO jogo(id,local,data_horario,timea,timeb,campeonato,numero_de_resenhas) VALUES (275,'Brighton','2019-01-12T15:00:00+00:00',51,40,'Regular Season - 22',0);
INSERT INTO jogo(id,local,data_horario,timea,timeb,campeonato,numero_de_resenhas) VALUES (276,'Burnley','2019-01-12T15:00:00+00:00',44,36,'Regular Season - 22',0);
INSERT INTO jogo(id,local,data_horario,timea,timeb,campeonato,numero_de_resenhas) VALUES (277,'Cardiff','2019-01-12T15:00:00+00:00',43,37,'Regular Season - 22',0);
INSERT INTO jogo(id,local,data_horario,timea,timeb,campeonato,numero_de_resenhas) VALUES (278,'Chelsea','2019-01-12T17:30:00+00:00',49,34,'Regular Season - 22',0);
INSERT INTO jogo(id,local,data_horario,timea,timeb,campeonato,numero_de_resenhas) VALUES (279,'Crystal Palace','2019-01-12T15:00:00+00:00',52,38,'Regular Season - 22',0);
INSERT INTO jogo(id,local,data_horario,timea,timeb,campeonato,numero_de_resenhas) VALUES (280,'Everton','2019-01-13T14:15:00+00:00',45,35,'Regular Season - 22',0);
INSERT INTO jogo(id,local,data_horario,timea,timeb,campeonato,numero_de_resenhas) VALUES (281,'Leicester','2019-01-12T15:00:00+00:00',46,41,'Regular Season - 22',0);
INSERT INTO jogo(id,local,data_horario,timea,timeb,campeonato,numero_de_resenhas) VALUES (282,'Manchester City','2019-01-14T20:00:00+00:00',50,39,'Regular Season - 22',0);
INSERT INTO jogo(id,local,data_horario,timea,timeb,campeonato,numero_de_resenhas) VALUES (283,'Tottenham','2019-01-13T16:30:00+00:00',47,33,'Regular Season - 22',0);
INSERT INTO jogo(id,local,data_horario,timea,timeb,campeonato,numero_de_resenhas) VALUES (284,'West Ham','2019-01-12T12:30:00+00:00',48,42,'Regular Season - 22',0);
INSERT INTO jogo(id,local,data_horario,timea,timeb,campeonato,numero_de_resenhas) VALUES (285,'Arsenal','2019-01-19T17:30:00+00:00',42,49,'Regular Season - 23',0);
INSERT INTO jogo(id,local,data_horario,timea,timeb,campeonato,numero_de_resenhas) VALUES (286,'Bournemouth','2019-01-19T15:00:00+00:00',35,48,'Regular Season - 23',0);
INSERT INTO jogo(id,local,data_horario,timea,timeb,campeonato,numero_de_resenhas) VALUES (287,'Fulham','2019-01-20T16:00:00+00:00',36,47,'Regular Season - 23',0);
INSERT INTO jogo(id,local,data_horario,timea,timeb,campeonato,numero_de_resenhas) VALUES (288,'Huddersfield','2019-01-20T13:30:00+00:00',37,50,'Regular Season - 23',0);
INSERT INTO jogo(id,local,data_horario,timea,timeb,campeonato,numero_de_resenhas) VALUES (289,'Liverpool','2019-01-19T15:00:00+00:00',40,52,'Regular Season - 23',0);
INSERT INTO jogo(id,local,data_horario,timea,timeb,campeonato,numero_de_resenhas) VALUES (290,'Manchester United','2019-01-19T15:00:00+00:00',33,51,'Regular Season - 23',0);
INSERT INTO jogo(id,local,data_horario,timea,timeb,campeonato,numero_de_resenhas) VALUES (291,'Newcastle','2019-01-19T15:00:00+00:00',34,43,'Regular Season - 23',0);
INSERT INTO jogo(id,local,data_horario,timea,timeb,campeonato,numero_de_resenhas) VALUES (292,'Southampton','2019-01-19T15:00:00+00:00',41,45,'Regular Season - 23',0);
INSERT INTO jogo(id,local,data_horario,timea,timeb,campeonato,numero_de_resenhas) VALUES (293,'Watford','2019-01-19T15:00:00+00:00',38,44,'Regular Season - 23',0);
INSERT INTO jogo(id,local,data_horario,timea,timeb,campeonato,numero_de_resenhas) VALUES (294,'Wolves','2019-01-19T12:30:00+00:00',39,46,'Regular Season - 23',0);
INSERT INTO jogo(id,local,data_horario,timea,timeb,campeonato,numero_de_resenhas) VALUES (295,'Arsenal','2019-01-29T19:45:00+00:00',42,43,'Regular Season - 24',0);
INSERT INTO jogo(id,local,data_horario,timea,timeb,campeonato,numero_de_resenhas) VALUES (296,'Bournemouth','2019-01-30T19:45:00+00:00',35,49,'Regular Season - 24',0);
INSERT INTO jogo(id,local,data_horario,timea,timeb,campeonato,numero_de_resenhas) VALUES (297,'Fulham','2019-01-29T19:45:00+00:00',36,51,'Regular Season - 24',0);
INSERT INTO jogo(id,local,data_horario,timea,timeb,campeonato,numero_de_resenhas) VALUES (298,'Huddersfield','2019-01-29T19:45:00+00:00',37,45,'Regular Season - 24',0);
INSERT INTO jogo(id,local,data_horario,timea,timeb,campeonato,numero_de_resenhas) VALUES (299,'Wolves','2019-01-29T19:45:00+00:00',39,48,'Regular Season - 24',0);
INSERT INTO jogo(id,local,data_horario,timea,timeb,campeonato,numero_de_resenhas) VALUES (300,'Manchester United','2019-01-29T20:00:00+00:00',33,44,'Regular Season - 24',0);
INSERT INTO jogo(id,local,data_horario,timea,timeb,campeonato,numero_de_resenhas) VALUES (301,'Newcastle','2019-01-29T20:00:00+00:00',34,50,'Regular Season - 24',0);
INSERT INTO jogo(id,local,data_horario,timea,timeb,campeonato,numero_de_resenhas) VALUES (302,'Southampton','2019-01-30T19:45:00+00:00',41,52,'Regular Season - 24',0);
INSERT INTO jogo(id,local,data_horario,timea,timeb,campeonato,numero_de_resenhas) VALUES (303,'Liverpool','2019-01-30T20:00:00+00:00',40,46,'Regular Season - 24',0);
INSERT INTO jogo(id,local,data_horario,timea,timeb,campeonato,numero_de_resenhas) VALUES (304,'Tottenham','2019-01-30T20:00:00+00:00',47,38,'Regular Season - 24',0);
INSERT INTO jogo(id,local,data_horario,timea,timeb,campeonato,numero_de_resenhas) VALUES (305,'Brighton','2019-02-02T15:00:00+00:00',51,38,'Regular Season - 25',0);
INSERT INTO jogo(id,local,data_horario,timea,timeb,campeonato,numero_de_resenhas) VALUES (306,'Burnley','2019-02-02T15:00:00+00:00',44,41,'Regular Season - 25',0);
INSERT INTO jogo(id,local,data_horario,timea,timeb,campeonato,numero_de_resenhas) VALUES (307,'Cardiff','2019-02-02T17:30:00+00:00',43,35,'Regular Season - 25',0);
INSERT INTO jogo(id,local,data_horario,timea,timeb,campeonato,numero_de_resenhas) VALUES (308,'Chelsea','2019-02-02T15:00:00+00:00',49,37,'Regular Season - 25',0);
INSERT INTO jogo(id,local,data_horario,timea,timeb,campeonato,numero_de_resenhas) VALUES (309,'Crystal Palace','2019-02-02T15:00:00+00:00',52,36,'Regular Season - 25',0);
INSERT INTO jogo(id,local,data_horario,timea,timeb,campeonato,numero_de_resenhas) VALUES (310,'Everton','2019-02-02T15:00:00+00:00',45,39,'Regular Season - 25',0);
INSERT INTO jogo(id,local,data_horario,timea,timeb,campeonato,numero_de_resenhas) VALUES (311,'Leicester','2019-02-03T14:05:00+00:00',46,33,'Regular Season - 25',0);
INSERT INTO jogo(id,local,data_horario,timea,timeb,campeonato,numero_de_resenhas) VALUES (312,'Manchester City','2019-02-03T16:30:00+00:00',50,42,'Regular Season - 25',0);
INSERT INTO jogo(id,local,data_horario,timea,timeb,campeonato,numero_de_resenhas) VALUES (313,'Tottenham','2019-02-02T12:30:00+00:00',47,34,'Regular Season - 25',0);
INSERT INTO jogo(id,local,data_horario,timea,timeb,campeonato,numero_de_resenhas) VALUES (314,'West Ham','2019-02-04T20:00:00+00:00',48,40,'Regular Season - 25',0);
INSERT INTO jogo(id,local,data_horario,timea,timeb,campeonato,numero_de_resenhas) VALUES (315,'Brighton','2019-02-09T17:30:00+00:00',51,44,'Regular Season - 26',0);
INSERT INTO jogo(id,local,data_horario,timea,timeb,campeonato,numero_de_resenhas) VALUES (316,'Crystal Palace','2019-02-09T15:00:00+00:00',52,48,'Regular Season - 26',0);
INSERT INTO jogo(id,local,data_horario,timea,timeb,campeonato,numero_de_resenhas) VALUES (317,'Fulham','2019-02-09T12:30:00+00:00',36,33,'Regular Season - 26',0);
INSERT INTO jogo(id,local,data_horario,timea,timeb,campeonato,numero_de_resenhas) VALUES (318,'Huddersfield','2019-02-09T15:00:00+00:00',37,42,'Regular Season - 26',0);
INSERT INTO jogo(id,local,data_horario,timea,timeb,campeonato,numero_de_resenhas) VALUES (319,'Liverpool','2019-02-09T15:00:00+00:00',40,35,'Regular Season - 26',0);
INSERT INTO jogo(id,local,data_horario,timea,timeb,campeonato,numero_de_resenhas) VALUES (320,'Manchester City','2019-02-10T16:00:00+00:00',50,49,'Regular Season - 26',0);
INSERT INTO jogo(id,local,data_horario,timea,timeb,campeonato,numero_de_resenhas) VALUES (321,'Southampton','2019-02-09T15:00:00+00:00',41,43,'Regular Season - 26',0);
INSERT INTO jogo(id,local,data_horario,timea,timeb,campeonato,numero_de_resenhas) VALUES (322,'Tottenham','2019-02-10T13:30:00+00:00',47,46,'Regular Season - 26',0);
INSERT INTO jogo(id,local,data_horario,timea,timeb,campeonato,numero_de_resenhas) VALUES (323,'Watford','2019-02-09T15:00:00+00:00',38,45,'Regular Season - 26',0);
INSERT INTO jogo(id,local,data_horario,timea,timeb,campeonato,numero_de_resenhas) VALUES (324,'Wolves','2019-02-11T20:00:00+00:00',39,34,'Regular Season - 26',0);
INSERT INTO jogo(id,local,data_horario,timea,timeb,campeonato,numero_de_resenhas) VALUES (325,'Arsenal','2019-02-24T14:05:00+00:00',42,41,'Regular Season - 27',0);
INSERT INTO jogo(id,local,data_horario,timea,timeb,campeonato,numero_de_resenhas) VALUES (326,'Bournemouth','2019-02-23T15:00:00+00:00',35,39,'Regular Season - 27',0);
INSERT INTO jogo(id,local,data_horario,timea,timeb,campeonato,numero_de_resenhas) VALUES (327,'Burnley','2019-02-23T12:30:00+00:00',44,47,'Regular Season - 27',0);
INSERT INTO jogo(id,local,data_horario,timea,timeb,campeonato,numero_de_resenhas) VALUES (328,'Cardiff','2019-02-22T19:45:00+00:00',43,38,'Regular Season - 27',0);
INSERT INTO jogo(id,local,data_horario,timea,timeb,campeonato,numero_de_resenhas) VALUES (329,'Chelsea','2019-04-03T18:45:00+00:00',49,51,'Regular Season - 27',0);
INSERT INTO jogo(id,local,data_horario,timea,timeb,campeonato,numero_de_resenhas) VALUES (330,'Everton','2019-02-06T19:45:00+00:00',45,50,'Regular Season - 27',0);
INSERT INTO jogo(id,local,data_horario,timea,timeb,campeonato,numero_de_resenhas) VALUES (331,'Leicester','2019-02-23T17:30:00+00:00',46,52,'Regular Season - 27',0);
INSERT INTO jogo(id,local,data_horario,timea,timeb,campeonato,numero_de_resenhas) VALUES (332,'Manchester United','2019-02-24T14:05:00+00:00',33,40,'Regular Season - 27',0);
INSERT INTO jogo(id,local,data_horario,timea,timeb,campeonato,numero_de_resenhas) VALUES (333,'Newcastle','2019-02-23T15:00:00+00:00',34,37,'Regular Season - 27',0);
INSERT INTO jogo(id,local,data_horario,timea,timeb,campeonato,numero_de_resenhas) VALUES (334,'West Ham','2019-02-22T19:45:00+00:00',48,36,'Regular Season - 27',0);
INSERT INTO jogo(id,local,data_horario,timea,timeb,campeonato,numero_de_resenhas) VALUES (335,'Arsenal','2019-02-27T19:45:00+00:00',42,35,'Regular Season - 28',0);
INSERT INTO jogo(id,local,data_horario,timea,timeb,campeonato,numero_de_resenhas) VALUES (336,'Cardiff','2019-02-26T19:45:00+00:00',43,45,'Regular Season - 28',0);
INSERT INTO jogo(id,local,data_horario,timea,timeb,campeonato,numero_de_resenhas) VALUES (337,'Huddersfield','2019-02-26T19:45:00+00:00',37,39,'Regular Season - 28',0);
INSERT INTO jogo(id,local,data_horario,timea,timeb,campeonato,numero_de_resenhas) VALUES (338,'Leicester','2019-02-26T19:45:00+00:00',46,51,'Regular Season - 28',0);
INSERT INTO jogo(id,local,data_horario,timea,timeb,campeonato,numero_de_resenhas) VALUES (339,'Crystal Palace','2019-02-27T20:00:00+00:00',52,33,'Regular Season - 28',0);
INSERT INTO jogo(id,local,data_horario,timea,timeb,campeonato,numero_de_resenhas) VALUES (340,'Chelsea','2019-02-27T20:00:00+00:00',49,47,'Regular Season - 28',0);
INSERT INTO jogo(id,local,data_horario,timea,timeb,campeonato,numero_de_resenhas) VALUES (341,'Newcastle','2019-02-26T20:00:00+00:00',34,44,'Regular Season - 28',0);
INSERT INTO jogo(id,local,data_horario,timea,timeb,campeonato,numero_de_resenhas) VALUES (342,'Southampton','2019-02-27T19:45:00+00:00',41,36,'Regular Season - 28',0);
INSERT INTO jogo(id,local,data_horario,timea,timeb,campeonato,numero_de_resenhas) VALUES (343,'Liverpool','2019-02-27T20:00:00+00:00',40,38,'Regular Season - 28',0);
INSERT INTO jogo(id,local,data_horario,timea,timeb,campeonato,numero_de_resenhas) VALUES (344,'Manchester City','2019-02-27T20:00:00+00:00',50,48,'Regular Season - 28',0);
INSERT INTO jogo(id,local,data_horario,timea,timeb,campeonato,numero_de_resenhas) VALUES (345,'Bournemouth','2019-03-02T15:00:00+00:00',35,50,'Regular Season - 29',0);
INSERT INTO jogo(id,local,data_horario,timea,timeb,campeonato,numero_de_resenhas) VALUES (346,'Brighton','2019-03-02T15:00:00+00:00',51,37,'Regular Season - 29',0);
INSERT INTO jogo(id,local,data_horario,timea,timeb,campeonato,numero_de_resenhas) VALUES (347,'Burnley','2019-03-02T15:00:00+00:00',44,52,'Regular Season - 29',0);
INSERT INTO jogo(id,local,data_horario,timea,timeb,campeonato,numero_de_resenhas) VALUES (348,'Everton','2019-03-03T16:15:00+00:00',45,40,'Regular Season - 29',0);
INSERT INTO jogo(id,local,data_horario,timea,timeb,campeonato,numero_de_resenhas) VALUES (349,'Fulham','2019-03-03T14:05:00+00:00',36,49,'Regular Season - 29',0);
INSERT INTO jogo(id,local,data_horario,timea,timeb,campeonato,numero_de_resenhas) VALUES (350,'Manchester United','2019-03-02T15:00:00+00:00',33,41,'Regular Season - 29',0);
INSERT INTO jogo(id,local,data_horario,timea,timeb,campeonato,numero_de_resenhas) VALUES (351,'Tottenham','2019-03-02T12:30:00+00:00',47,42,'Regular Season - 29',0);
INSERT INTO jogo(id,local,data_horario,timea,timeb,campeonato,numero_de_resenhas) VALUES (352,'Watford','2019-03-03T12:00:00+00:00',38,46,'Regular Season - 29',0);
INSERT INTO jogo(id,local,data_horario,timea,timeb,campeonato,numero_de_resenhas) VALUES (353,'West Ham','2019-03-02T17:30:00+00:00',48,34,'Regular Season - 29',0);
INSERT INTO jogo(id,local,data_horario,timea,timeb,campeonato,numero_de_resenhas) VALUES (354,'Wolves','2019-03-02T15:00:00+00:00',39,43,'Regular Season - 29',0);
INSERT INTO jogo(id,local,data_horario,timea,timeb,campeonato,numero_de_resenhas) VALUES (355,'Arsenal','2019-03-10T16:30:00+00:00',42,33,'Regular Season - 30',0);
INSERT INTO jogo(id,local,data_horario,timea,timeb,campeonato,numero_de_resenhas) VALUES (356,'Cardiff','2019-03-09T15:00:00+00:00',43,48,'Regular Season - 30',0);
INSERT INTO jogo(id,local,data_horario,timea,timeb,campeonato,numero_de_resenhas) VALUES (357,'Chelsea','2019-03-10T14:05:00+00:00',49,39,'Regular Season - 30',0);
INSERT INTO jogo(id,local,data_horario,timea,timeb,campeonato,numero_de_resenhas) VALUES (358,'Crystal Palace','2019-03-09T12:30:00+00:00',52,51,'Regular Season - 30',0);
INSERT INTO jogo(id,local,data_horario,timea,timeb,campeonato,numero_de_resenhas) VALUES (359,'Huddersfield','2019-03-09T15:00:00+00:00',37,35,'Regular Season - 30',0);
INSERT INTO jogo(id,local,data_horario,timea,timeb,campeonato,numero_de_resenhas) VALUES (360,'Leicester','2019-03-09T15:00:00+00:00',46,36,'Regular Season - 30',0);
INSERT INTO jogo(id,local,data_horario,timea,timeb,campeonato,numero_de_resenhas) VALUES (361,'Liverpool','2019-03-10T12:00:00+00:00',40,44,'Regular Season - 30',0);
INSERT INTO jogo(id,local,data_horario,timea,timeb,campeonato,numero_de_resenhas) VALUES (362,'Manchester City','2019-03-09T17:30:00+00:00',50,38,'Regular Season - 30',0);
INSERT INTO jogo(id,local,data_horario,timea,timeb,campeonato,numero_de_resenhas) VALUES (363,'Newcastle','2019-03-09T15:00:00+00:00',34,45,'Regular Season - 30',0);
INSERT INTO jogo(id,local,data_horario,timea,timeb,campeonato,numero_de_resenhas) VALUES (364,'Southampton','2019-03-09T15:00:00+00:00',41,47,'Regular Season - 30',0);
INSERT INTO jogo(id,local,data_horario,timea,timeb,campeonato,numero_de_resenhas) VALUES (365,'Bournemouth','2019-03-16T15:00:00+00:00',35,34,'Regular Season - 31',0);
INSERT INTO jogo(id,local,data_horario,timea,timeb,campeonato,numero_de_resenhas) VALUES (366,'Brighton','2019-04-16T18:45:00+00:00',51,43,'Regular Season - 31',0);
INSERT INTO jogo(id,local,data_horario,timea,timeb,campeonato,numero_de_resenhas) VALUES (367,'Burnley','2019-03-16T15:00:00+00:00',44,46,'Regular Season - 31',0);
INSERT INTO jogo(id,local,data_horario,timea,timeb,campeonato,numero_de_resenhas) VALUES (368,'Everton','2019-03-17T16:30:00+00:00',45,49,'Regular Season - 31',0);
INSERT INTO jogo(id,local,data_horario,timea,timeb,campeonato,numero_de_resenhas) VALUES (369,'Fulham','2019-03-17T14:15:00+00:00',36,40,'Regular Season - 31',0);
INSERT INTO jogo(id,local,data_horario,timea,timeb,campeonato,numero_de_resenhas) VALUES (370,'Manchester United','2019-04-24T19:00:00+00:00',33,50,'Regular Season - 31',0);
INSERT INTO jogo(id,local,data_horario,timea,timeb,campeonato,numero_de_resenhas) VALUES (371,'Tottenham','2019-04-03T18:45:00+00:00',47,52,'Regular Season - 31',0);
INSERT INTO jogo(id,local,data_horario,timea,timeb,campeonato,numero_de_resenhas) VALUES (372,'Watford','2019-04-23T18:45:00+00:00',38,41,'Regular Season - 31',0);
INSERT INTO jogo(id,local,data_horario,timea,timeb,campeonato,numero_de_resenhas) VALUES (373,'West Ham','2019-03-16T15:00:00+00:00',48,37,'Regular Season - 31',0);
INSERT INTO jogo(id,local,data_horario,timea,timeb,campeonato,numero_de_resenhas) VALUES (374,'Wolves','2019-04-24T18:45:00+00:00',39,42,'Regular Season - 31',0);
INSERT INTO jogo(id,local,data_horario,timea,timeb,campeonato,numero_de_resenhas) VALUES (375,'Arsenal','2019-04-01T19:00:00+00:00',42,34,'Regular Season - 32',0);
INSERT INTO jogo(id,local,data_horario,timea,timeb,campeonato,numero_de_resenhas) VALUES (376,'Brighton','2019-03-30T15:00:00+00:00',51,41,'Regular Season - 32',0);
INSERT INTO jogo(id,local,data_horario,timea,timeb,campeonato,numero_de_resenhas) VALUES (377,'Burnley','2019-03-30T15:00:00+00:00',44,39,'Regular Season - 32',0);
INSERT INTO jogo(id,local,data_horario,timea,timeb,campeonato,numero_de_resenhas) VALUES (378,'Cardiff','2019-03-31T13:05:00+00:00',43,49,'Regular Season - 32',0);
INSERT INTO jogo(id,local,data_horario,timea,timeb,campeonato,numero_de_resenhas) VALUES (379,'Crystal Palace','2019-03-30T15:00:00+00:00',52,37,'Regular Season - 32',0);
INSERT INTO jogo(id,local,data_horario,timea,timeb,campeonato,numero_de_resenhas) VALUES (380,'Fulham','2019-03-30T12:30:00+00:00',36,50,'Regular Season - 32',0);
INSERT INTO jogo(id,local,data_horario,timea,timeb,campeonato,numero_de_resenhas) VALUES (381,'Leicester','2019-03-30T15:00:00+00:00',46,35,'Regular Season - 32',0);
INSERT INTO jogo(id,local,data_horario,timea,timeb,campeonato,numero_de_resenhas) VALUES (382,'Liverpool','2019-03-31T15:30:00+00:00',40,47,'Regular Season - 32',0);
INSERT INTO jogo(id,local,data_horario,timea,timeb,campeonato,numero_de_resenhas) VALUES (383,'Manchester United','2019-03-30T15:00:00+00:00',33,38,'Regular Season - 32',0);
INSERT INTO jogo(id,local,data_horario,timea,timeb,campeonato,numero_de_resenhas) VALUES (384,'West Ham','2019-03-30T17:30:00+00:00',48,45,'Regular Season - 32',0);
INSERT INTO jogo(id,local,data_horario,timea,timeb,campeonato,numero_de_resenhas) VALUES (385,'Bournemouth','2019-04-06T14:00:00+00:00',35,44,'Regular Season - 33',0);
INSERT INTO jogo(id,local,data_horario,timea,timeb,campeonato,numero_de_resenhas) VALUES (386,'Chelsea','2019-04-08T19:00:00+00:00',49,48,'Regular Season - 33',0);
INSERT INTO jogo(id,local,data_horario,timea,timeb,campeonato,numero_de_resenhas) VALUES (387,'Everton','2019-04-07T13:05:00+00:00',45,42,'Regular Season - 33',0);
INSERT INTO jogo(id,local,data_horario,timea,timeb,campeonato,numero_de_resenhas) VALUES (388,'Huddersfield','2019-04-06T14:00:00+00:00',37,46,'Regular Season - 33',0);
INSERT INTO jogo(id,local,data_horario,timea,timeb,campeonato,numero_de_resenhas) VALUES (389,'Manchester City','2019-04-03T18:45:00+00:00',50,43,'Regular Season - 33',0);
INSERT INTO jogo(id,local,data_horario,timea,timeb,campeonato,numero_de_resenhas) VALUES (390,'Newcastle','2019-04-06T14:00:00+00:00',34,52,'Regular Season - 33',0);
INSERT INTO jogo(id,local,data_horario,timea,timeb,campeonato,numero_de_resenhas) VALUES (391,'Southampton','2019-04-05T19:00:00+00:00',41,40,'Regular Season - 33',0);
INSERT INTO jogo(id,local,data_horario,timea,timeb,campeonato,numero_de_resenhas) VALUES (392,'Tottenham','2019-04-23T18:45:00+00:00',47,51,'Regular Season - 33',0);
INSERT INTO jogo(id,local,data_horario,timea,timeb,campeonato,numero_de_resenhas) VALUES (393,'Watford','2019-04-02T18:45:00+00:00',38,36,'Regular Season - 33',0);
INSERT INTO jogo(id,local,data_horario,timea,timeb,campeonato,numero_de_resenhas) VALUES (394,'Wolves','2019-04-02T18:45:00+00:00',39,33,'Regular Season - 33',0);
INSERT INTO jogo(id,local,data_horario,timea,timeb,campeonato,numero_de_resenhas) VALUES (395,'Brighton','2019-04-13T14:00:00+00:00',51,35,'Regular Season - 34',0);
INSERT INTO jogo(id,local,data_horario,timea,timeb,campeonato,numero_de_resenhas) VALUES (396,'Burnley','2019-04-13T14:00:00+00:00',44,43,'Regular Season - 34',0);
INSERT INTO jogo(id,local,data_horario,timea,timeb,campeonato,numero_de_resenhas) VALUES (397,'Crystal Palace','2019-04-14T13:05:00+00:00',52,50,'Regular Season - 34',0);
INSERT INTO jogo(id,local,data_horario,timea,timeb,campeonato,numero_de_resenhas) VALUES (398,'Fulham','2019-04-13T14:00:00+00:00',36,45,'Regular Season - 34',0);
INSERT INTO jogo(id,local,data_horario,timea,timeb,campeonato,numero_de_resenhas) VALUES (399,'Leicester','2019-04-12T19:00:00+00:00',46,34,'Regular Season - 34',0);
INSERT INTO jogo(id,local,data_horario,timea,timeb,campeonato,numero_de_resenhas) VALUES (400,'Liverpool','2019-04-14T15:30:00+00:00',40,49,'Regular Season - 34',0);
INSERT INTO jogo(id,local,data_horario,timea,timeb,campeonato,numero_de_resenhas) VALUES (401,'Manchester United','2019-04-13T16:30:00+00:00',33,48,'Regular Season - 34',0);
INSERT INTO jogo(id,local,data_horario,timea,timeb,campeonato,numero_de_resenhas) VALUES (402,'Southampton','2019-04-13T14:00:00+00:00',41,39,'Regular Season - 34',0);
INSERT INTO jogo(id,local,data_horario,timea,timeb,campeonato,numero_de_resenhas) VALUES (403,'Tottenham','2019-04-13T11:30:00+00:00',47,37,'Regular Season - 34',0);
INSERT INTO jogo(id,local,data_horario,timea,timeb,campeonato,numero_de_resenhas) VALUES (404,'Watford','2019-04-15T19:00:00+00:00',38,42,'Regular Season - 34',0);
INSERT INTO jogo(id,local,data_horario,timea,timeb,campeonato,numero_de_resenhas) VALUES (405,'Arsenal','2019-04-21T15:00:00+00:00',42,52,'Regular Season - 35',0);
INSERT INTO jogo(id,local,data_horario,timea,timeb,campeonato,numero_de_resenhas) VALUES (406,'Bournemouth','2019-04-20T14:00:00+00:00',35,36,'Regular Season - 35',0);
INSERT INTO jogo(id,local,data_horario,timea,timeb,campeonato,numero_de_resenhas) VALUES (407,'Cardiff','2019-04-21T15:00:00+00:00',43,40,'Regular Season - 35',0);
INSERT INTO jogo(id,local,data_horario,timea,timeb,campeonato,numero_de_resenhas) VALUES (408,'Chelsea','2019-04-22T19:00:00+00:00',49,44,'Regular Season - 35',0);
INSERT INTO jogo(id,local,data_horario,timea,timeb,campeonato,numero_de_resenhas) VALUES (409,'Everton','2019-04-21T12:30:00+00:00',45,33,'Regular Season - 35',0);
INSERT INTO jogo(id,local,data_horario,timea,timeb,campeonato,numero_de_resenhas) VALUES (410,'Huddersfield','2019-04-20T14:00:00+00:00',37,38,'Regular Season - 35',0);
INSERT INTO jogo(id,local,data_horario,timea,timeb,campeonato,numero_de_resenhas) VALUES (411,'Manchester City','2019-04-20T11:30:00+00:00',50,47,'Regular Season - 35',0);
INSERT INTO jogo(id,local,data_horario,timea,timeb,campeonato,numero_de_resenhas) VALUES (412,'Newcastle','2019-04-20T16:30:00+00:00',34,41,'Regular Season - 35',0);
INSERT INTO jogo(id,local,data_horario,timea,timeb,campeonato,numero_de_resenhas) VALUES (413,'West Ham','2019-04-20T14:00:00+00:00',48,46,'Regular Season - 35',0);
INSERT INTO jogo(id,local,data_horario,timea,timeb,campeonato,numero_de_resenhas) VALUES (414,'Wolves','2019-04-20T14:00:00+00:00',39,51,'Regular Season - 35',0);
INSERT INTO jogo(id,local,data_horario,timea,timeb,campeonato,numero_de_resenhas) VALUES (415,'Brighton','2019-04-27T16:30:00+00:00',51,34,'Regular Season - 36',0);
INSERT INTO jogo(id,local,data_horario,timea,timeb,campeonato,numero_de_resenhas) VALUES (416,'Burnley','2019-04-28T13:05:00+00:00',44,50,'Regular Season - 36',0);
INSERT INTO jogo(id,local,data_horario,timea,timeb,campeonato,numero_de_resenhas) VALUES (417,'Crystal Palace','2019-04-27T14:00:00+00:00',52,45,'Regular Season - 36',0);
INSERT INTO jogo(id,local,data_horario,timea,timeb,campeonato,numero_de_resenhas) VALUES (418,'Fulham','2019-04-27T14:00:00+00:00',36,43,'Regular Season - 36',0);
INSERT INTO jogo(id,local,data_horario,timea,timeb,campeonato,numero_de_resenhas) VALUES (419,'Leicester','2019-04-28T11:00:00+00:00',46,42,'Regular Season - 36',0);
INSERT INTO jogo(id,local,data_horario,timea,timeb,campeonato,numero_de_resenhas) VALUES (420,'Liverpool','2019-04-26T19:00:00+00:00',40,37,'Regular Season - 36',0);
INSERT INTO jogo(id,local,data_horario,timea,timeb,campeonato,numero_de_resenhas) VALUES (421,'Manchester United','2019-04-28T15:30:00+00:00',33,49,'Regular Season - 36',0);
INSERT INTO jogo(id,local,data_horario,timea,timeb,campeonato,numero_de_resenhas) VALUES (422,'Southampton','2019-04-27T14:00:00+00:00',41,35,'Regular Season - 36',0);
INSERT INTO jogo(id,local,data_horario,timea,timeb,campeonato,numero_de_resenhas) VALUES (423,'Tottenham','2019-04-27T11:30:00+00:00',47,48,'Regular Season - 36',0);
INSERT INTO jogo(id,local,data_horario,timea,timeb,campeonato,numero_de_resenhas) VALUES (424,'Watford','2019-04-27T14:00:00+00:00',38,39,'Regular Season - 36',0);
INSERT INTO jogo(id,local,data_horario,timea,timeb,campeonato,numero_de_resenhas) VALUES (425,'Arsenal','2019-05-05T15:30:00+00:00',42,51,'Regular Season - 37',0);
INSERT INTO jogo(id,local,data_horario,timea,timeb,campeonato,numero_de_resenhas) VALUES (426,'Bournemouth','2019-05-04T11:30:00+00:00',35,47,'Regular Season - 37',0);
INSERT INTO jogo(id,local,data_horario,timea,timeb,campeonato,numero_de_resenhas) VALUES (427,'Cardiff','2019-05-04T16:30:00+00:00',43,52,'Regular Season - 37',0);
INSERT INTO jogo(id,local,data_horario,timea,timeb,campeonato,numero_de_resenhas) VALUES (428,'Chelsea','2019-05-05T13:00:00+00:00',49,38,'Regular Season - 37',0);
INSERT INTO jogo(id,local,data_horario,timea,timeb,campeonato,numero_de_resenhas) VALUES (429,'Everton','2019-05-03T19:00:00+00:00',45,44,'Regular Season - 37',0);
INSERT INTO jogo(id,local,data_horario,timea,timeb,campeonato,numero_de_resenhas) VALUES (430,'Huddersfield','2019-05-05T13:00:00+00:00',37,33,'Regular Season - 37',0);
INSERT INTO jogo(id,local,data_horario,timea,timeb,campeonato,numero_de_resenhas) VALUES (431,'Manchester City','2019-05-06T19:00:00+00:00',50,46,'Regular Season - 37',0);
INSERT INTO jogo(id,local,data_horario,timea,timeb,campeonato,numero_de_resenhas) VALUES (432,'Newcastle','2019-05-04T18:45:00+00:00',34,40,'Regular Season - 37',0);
INSERT INTO jogo(id,local,data_horario,timea,timeb,campeonato,numero_de_resenhas) VALUES (433,'West Ham','2019-05-04T14:00:00+00:00',48,41,'Regular Season - 37',0);
INSERT INTO jogo(id,local,data_horario,timea,timeb,campeonato,numero_de_resenhas) VALUES (434,'Wolves','2019-05-04T14:00:00+00:00',39,36,'Regular Season - 37',0);
INSERT INTO jogo(id,local,data_horario,timea,timeb,campeonato,numero_de_resenhas) VALUES (435,'Brighton','2019-05-12T14:00:00+00:00',51,50,'Regular Season - 38',0);
INSERT INTO jogo(id,local,data_horario,timea,timeb,campeonato,numero_de_resenhas) VALUES (436,'Burnley','2019-05-12T14:00:00+00:00',44,42,'Regular Season - 38',0);
INSERT INTO jogo(id,local,data_horario,timea,timeb,campeonato,numero_de_resenhas) VALUES (437,'Crystal Palace','2019-05-12T14:00:00+00:00',52,35,'Regular Season - 38',0);
INSERT INTO jogo(id,local,data_horario,timea,timeb,campeonato,numero_de_resenhas) VALUES (438,'Fulham','2019-05-12T14:00:00+00:00',36,34,'Regular Season - 38',0);
INSERT INTO jogo(id,local,data_horario,timea,timeb,campeonato,numero_de_resenhas) VALUES (439,'Leicester','2019-05-12T14:00:00+00:00',46,49,'Regular Season - 38',0);
INSERT INTO jogo(id,local,data_horario,timea,timeb,campeonato,numero_de_resenhas) VALUES (440,'Liverpool','2019-05-12T14:00:00+00:00',40,39,'Regular Season - 38',0);
INSERT INTO jogo(id,local,data_horario,timea,timeb,campeonato,numero_de_resenhas) VALUES (441,'Manchester United','2019-05-12T14:00:00+00:00',33,43,'Regular Season - 38',0);
INSERT INTO jogo(id,local,data_horario,timea,timeb,campeonato,numero_de_resenhas) VALUES (442,'Southampton','2019-05-12T14:00:00+00:00',41,37,'Regular Season - 38',0);
INSERT INTO jogo(id,local,data_horario,timea,timeb,campeonato,numero_de_resenhas) VALUES (443,'Tottenham','2019-05-12T14:00:00+00:00',47,45,'Regular Season - 38',0);
INSERT INTO jogo(id,local,data_horario,timea,timeb,campeonato,numero_de_resenhas) VALUES (444,'Watford','2019-05-12T14:00:00+00:00',38,48,'Regular Season - 38',0);
INSERT INTO jogo(id,local,data_horario,timea,timeb,campeonato,numero_de_resenhas) VALUES (65,'Manchester United','2018-08-10T19:00:00+00:00',33,46,'Regular Season - 1',0);
INSERT INTO jogo(id,local,data_horario,timea,timeb,campeonato,numero_de_resenhas) VALUES (66,'Newcastle','2018-08-11T11:30:00+00:00',34,47,'Regular Season - 1',0);
INSERT INTO jogo(id,local,data_horario,timea,timeb,campeonato,numero_de_resenhas) VALUES (67,'Bournemouth','2018-08-11T14:00:00+00:00',35,43,'Regular Season - 1',0);
INSERT INTO jogo(id,local,data_horario,timea,timeb,campeonato,numero_de_resenhas) VALUES (68,'Fulham','2018-08-11T14:00:00+00:00',36,52,'Regular Season - 1',0);
INSERT INTO jogo(id,local,data_horario,timea,timeb,campeonato,numero_de_resenhas) VALUES (69,'Huddersfield','2018-08-11T14:00:00+00:00',37,49,'Regular Season - 1',0);
INSERT INTO jogo(id,local,data_horario,timea,timeb,campeonato,numero_de_resenhas) VALUES (70,'Watford','2018-08-11T14:00:00+00:00',38,51,'Regular Season - 1',0);
INSERT INTO jogo(id,local,data_horario,timea,timeb,campeonato,numero_de_resenhas) VALUES (71,'Wolves','2018-08-11T16:30:00+00:00',39,45,'Regular Season - 1',0);
INSERT INTO jogo(id,local,data_horario,timea,timeb,campeonato,numero_de_resenhas) VALUES (72,'Liverpool','2018-08-12T12:30:00+00:00',40,48,'Regular Season - 1',0);
INSERT INTO jogo(id,local,data_horario,timea,timeb,campeonato,numero_de_resenhas) VALUES (73,'Southampton','2018-08-12T12:30:00+00:00',41,44,'Regular Season - 1',0);
INSERT INTO jogo(id,local,data_horario,timea,timeb,campeonato,numero_de_resenhas) VALUES (74,'Arsenal','2018-08-12T15:00:00+00:00',42,50,'Regular Season - 1',0);
INSERT INTO jogo(id,local,data_horario,timea,timeb,campeonato,numero_de_resenhas) VALUES (75,'Cardiff','2018-08-18T11:30:00+00:00',43,34,'Regular Season - 2',0);
INSERT INTO jogo(id,local,data_horario,timea,timeb,campeonato,numero_de_resenhas) VALUES (76,'Burnley','2018-08-19T12:30:00+00:00',44,38,'Regular Season - 2',0);
INSERT INTO jogo(id,local,data_horario,timea,timeb,campeonato,numero_de_resenhas) VALUES (77,'Everton','2018-08-18T14:00:00+00:00',45,41,'Regular Season - 2',0);
INSERT INTO jogo(id,local,data_horario,timea,timeb,campeonato,numero_de_resenhas) VALUES (78,'Leicester','2018-08-18T14:00:00+00:00',46,39,'Regular Season - 2',0);
INSERT INTO jogo(id,local,data_horario,timea,timeb,campeonato,numero_de_resenhas) VALUES (79,'Tottenham','2018-08-18T14:00:00+00:00',47,36,'Regular Season - 2',0);
INSERT INTO jogo(id,local,data_horario,timea,timeb,campeonato,numero_de_resenhas) VALUES (80,'West Ham','2018-08-18T14:00:00+00:00',48,35,'Regular Season - 2',0);
INSERT INTO jogo(id,local,data_horario,timea,timeb,campeonato,numero_de_resenhas) VALUES (81,'Chelsea','2018-08-18T16:30:00+00:00',49,42,'Regular Season - 2',0);
INSERT INTO jogo(id,local,data_horario,timea,timeb,campeonato,numero_de_resenhas) VALUES (82,'Manchester City','2018-08-19T12:30:00+00:00',50,37,'Regular Season - 2',0);
INSERT INTO jogo(id,local,data_horario,timea,timeb,campeonato,numero_de_resenhas) VALUES (83,'Brighton','2018-08-19T15:00:00+00:00',51,33,'Regular Season - 2',0);
INSERT INTO jogo(id,local,data_horario,timea,timeb,campeonato,numero_de_resenhas) VALUES (84,'Crystal Palace','2018-08-20T19:00:00+00:00',52,40,'Regular Season - 2',0);
INSERT INTO jogo(id,local,data_horario,timea,timeb,campeonato,numero_de_resenhas) VALUES (85,'Wolves','2018-08-25T11:30:00+00:00',39,50,'Regular Season - 3',0);
INSERT INTO jogo(id,local,data_horario,timea,timeb,campeonato,numero_de_resenhas) VALUES (86,'Arsenal','2018-08-25T14:00:00+00:00',42,48,'Regular Season - 3',0);
INSERT INTO jogo(id,local,data_horario,timea,timeb,campeonato,numero_de_resenhas) VALUES (87,'Bournemouth','2018-08-25T14:00:00+00:00',35,45,'Regular Season - 3',0);
INSERT INTO jogo(id,local,data_horario,timea,timeb,campeonato,numero_de_resenhas) VALUES (88,'Fulham','2018-08-26T15:00:00+00:00',36,44,'Regular Season - 3',0);
INSERT INTO jogo(id,local,data_horario,timea,timeb,campeonato,numero_de_resenhas) VALUES (89,'Huddersfield','2018-08-25T14:00:00+00:00',37,43,'Regular Season - 3',0);
INSERT INTO jogo(id,local,data_horario,timea,timeb,campeonato,numero_de_resenhas) VALUES (90,'Southampton','2018-08-25T14:00:00+00:00',41,46,'Regular Season - 3',0);
INSERT INTO jogo(id,local,data_horario,timea,timeb,campeonato,numero_de_resenhas) VALUES (91,'Liverpool','2018-08-25T16:30:00+00:00',40,51,'Regular Season - 3',0);
INSERT INTO jogo(id,local,data_horario,timea,timeb,campeonato,numero_de_resenhas) VALUES (92,'Watford','2018-08-26T12:30:00+00:00',38,52,'Regular Season - 3',0);
INSERT INTO jogo(id,local,data_horario,timea,timeb,campeonato,numero_de_resenhas) VALUES (93,'Newcastle','2018-08-26T15:00:00+00:00',34,49,'Regular Season - 3',0);
INSERT INTO jogo(id,local,data_horario,timea,timeb,campeonato,numero_de_resenhas) VALUES (94,'Manchester United','2018-08-27T19:00:00+00:00',33,47,'Regular Season - 3',0);
INSERT INTO jogo(id,local,data_horario,timea,timeb,campeonato,numero_de_resenhas) VALUES (95,'Leicester','2018-09-01T11:30:00+00:00',46,40,'Regular Season - 4',0);
INSERT INTO jogo(id,local,data_horario,timea,timeb,campeonato,numero_de_resenhas) VALUES (96,'Brighton','2018-09-01T14:00:00+00:00',51,36,'Regular Season - 4',0);
INSERT INTO jogo(id,local,data_horario,timea,timeb,campeonato,numero_de_resenhas) VALUES (97,'Burnley','2018-09-02T15:00:00+00:00',44,33,'Regular Season - 4',0);
INSERT INTO jogo(id,local,data_horario,timea,timeb,campeonato,numero_de_resenhas) VALUES (98,'Chelsea','2018-09-01T14:00:00+00:00',49,35,'Regular Season - 4',0);
INSERT INTO jogo(id,local,data_horario,timea,timeb,campeonato,numero_de_resenhas) VALUES (99,'Crystal Palace','2018-09-01T14:00:00+00:00',52,41,'Regular Season - 4',0);
INSERT INTO usuario(id,carteira,privacidade_do_perfil,cpf,nome,email) VALUES (1,434,true,'545.269.123-87','John Doe','john.doe@email.com');
INSERT INTO usuario(id,carteira,privacidade_do_perfil,cpf,nome,email) VALUES (2,0,false,'324.624.233-92','Phillip Rogers','phillip.rogers@email.com');
INSERT INTO usuario(id,carteira,privacidade_do_perfil,cpf,nome,email) VALUES (3,388,false,'343.424.512-12','Mathew Shawman','mathew.shawman@email.com');
INSERT INTO apostas(id,valor,tipo,lucro_ou_perda,usuario,jogo,data) VALUES (1,250,'empate','lucro',1,75,'2018-08-11T14:00:00+00:00');
INSERT INTO apostas(id,valor,tipo,lucro_ou_perda,usuario,jogo,data) VALUES (2,50,'escalação','perda',1,350,'2018-03-01T10:00:00+00:00');
INSERT INTO apostas(id,valor,tipo,lucro_ou_perda,usuario,jogo,data) VALUES (3,34,'time_vencedor','lucro',1,377,'2019-03-26T22:00:00+00:00');
INSERT INTO apostas(id,valor,tipo,lucro_ou_perda,usuario,jogo,data) VALUES (4,1300,'empate','perda',1,80,'2018-08-17T13:00:00+00:00');
INSERT INTO apostas(id,valor,tipo,lucro_ou_perda,usuario,jogo,data) VALUES (5,1500,'escalação','lucro',1,259,'2018-12-28T23:00:00+00:00');
INSERT INTO apostas(id,valor,tipo,lucro_ou_perda,usuario,jogo,data) VALUES (6,100,'time_vencedor','lucro',2,80,'2018-09-01T14:00:00+00:00');
INSERT INTO apostas(id,valor,tipo,lucro_ou_perda,usuario,jogo,data) VALUES (7,123,'time_vencedor','lucro',2,350,'2018-09-01T14:00:00+00:00');
INSERT INTO apostas(id,valor,tipo,lucro_ou_perda,usuario,jogo,data) VALUES (8,50,'time_vencedor','perda',2,75,'2018-09-01T14:00:00+00:00');
INSERT INTO apostas(id,valor,tipo,lucro_ou_perda,usuario,jogo,data) VALUES (9,49,'escalação','lucro',2,99,'2018-09-01T14:00:00+00:00');
INSERT INTO apostas(id,valor,tipo,lucro_ou_perda,usuario,jogo,data) VALUES (10,222,'time_vencedor','perda',2,416,'2018-09-01T14:00:00+00:00');
INSERT INTO apostas(id,valor,tipo,lucro_ou_perda,usuario,jogo,data) VALUES (11,25,'empate','perda',3,324,'2018-09-01T14:00:00+00:00');
INSERT INTO apostas(id,valor,tipo,lucro_ou_perda,usuario,jogo,data) VALUES (12,53,'empate','lucro',3,311,'2018-09-01T14:00:00+00:00');
INSERT INTO apostas(id,valor,tipo,lucro_ou_perda,usuario,jogo,data) VALUES (13,340,'time_vencedor','lucro',3,274,'2018-09-01T14:00:00+00:00');
INSERT INTO apostas(id,valor,tipo,lucro_ou_perda,usuario,jogo,data) VALUES (14,480,'escalação','perda',3,259,'2018-09-01T14:00:00+00:00');
INSERT INTO apostas(id,valor,tipo,lucro_ou_perda,usuario,jogo,data) VALUES (15,500,'time_vencedor','lucro',3,75,'2018-09-01T14:00:00+00:00');
INSERT INTO deposito(id,valor,usuario) VALUES (1,1200,1);
INSERT INTO deposito(id,valor,usuario) VALUES (2,200,2);
INSERT INTO deposito(id,valor,usuario) VALUES (3,150,2);
INSERT INTO deposito(id,valor,usuario) VALUES (4,25,3);
INSERT INTO deposito(id,valor,usuario) VALUES (5,53,3);
